"PRODUCTO","TIENDA","DIA","UNIDADES","PRECIO"
"Manzana a granel",24512,"2019-04-09",539,2.99
"Manzana a granel",14526,"2018-04-28",693,2.99
"Manzana a granel",14526,"2019-04-04",867.912,2.99
"Manzana a granel",24512,"2020-03-04",843,2.99
"Manzana a granel",14526,"2018-09-12",751.18,2.99
"Manzana a granel",14526,"2018-03-27",742,2.99
"Manzana a granel",14526,"2020-01-27",779,2.99
"Manzana a granel",14526,"2018-04-05",619.336,2.99
"Manzana a granel",14526,"2020-03-27",685,2.99
"Manzana a granel",14526,"2018-08-31",724.49,2.99
"Manzana a granel",14526,"2017-12-11",822.065,2.99
"Manzana a granel",24512,"2018-06-08",621,2.99
"Manzana a granel",24512,"2019-08-12",495,2.99
"Manzana a granel",14526,"2018-06-09",663,2.99
"Manzana a granel",24512,"2019-02-12",580,2.99
"Manzana a granel",14526,"2018-12-19",706,2.99
"Manzana a granel",24512,"2020-03-02",832,2.99
"Manzana a granel",24512,"2018-12-12",625,2.99
"Manzana a granel",14526,"2018-02-09",751,2.99
"Manzana a granel",24512,"2018-11-26",767,2.99
"Manzana a granel",14526,"2018-07-02",NA,2.99
"Manzana a granel",14526,"2018-10-11",755.998,2.99
"Manzana a granel",24512,"2019-04-11",531,2.99
"Manzana a granel",14526,"2020-07-25",551,2.99
"Manzana a granel",24512,"2017-08-10",592,2.99
"Manzana a granel",14526,"2020-03-02",761,2.99
"Manzana a granel",24512,"2020-08-27",377.118,2.99
"Manzana a granel",24512,"2018-07-10",NA,2.99
"Manzana a granel",24512,"2020-01-30",679,2.99
"Manzana a granel",24512,"2018-01-18",644,2.99
"Manzana a granel",24512,"2019-10-23",864,2.99
"Manzana a granel",24512,"2018-11-30",687,2.99
"Manzana a granel",14526,"2019-01-17",741,2.99
"Manzana a granel",24512,"2017-11-25",857,2.99
"Manzana a granel",14526,"2020-08-08",514,2.99
"Manzana a granel",14526,"2018-09-04",681.388,2.99
"Manzana a granel",14526,"2018-05-18",717,2.99
"Manzana a granel",14526,"2017-09-14",776.944,2.99
"Manzana a granel",14526,"2018-03-22",740,2.99
"Manzana a granel",14526,"2019-08-19",700,2.99
"Manzana a granel",14526,"2019-02-06",747,2.99
"Manzana a granel",24512,"2018-10-11",913,2.99
"Manzana a granel",14526,"2019-07-31",638,2.99
"Manzana a granel",14526,"2018-01-11",697,2.99
"Manzana a granel",14526,"2018-01-16",749,2.99
"Manzana a granel",24512,"2019-09-28",952,2.99
"Manzana a granel",24512,"2018-01-08",961,2.99
"Manzana a granel",24512,"2018-10-23",684,2.99
"Manzana a granel",14526,"2017-08-28",792.786,2.99
"Manzana a granel",24512,"2019-05-07",508,2.99
"Manzana a granel",14526,"2020-05-30",613,2.99
"Manzana a granel",24512,"2017-12-12",753,2.99
"Manzana a granel",24512,"2020-05-21",416,2.99
"Manzana a granel",24512,"2020-07-22",392,2.99
"Manzana a granel",14526,"2019-07-13",676,2.99
"Manzana a granel",14526,"2019-05-22",724,2.99
"Manzana a granel",24512,"2018-03-19",800.023,2.99
"Manzana a granel",14526,"2018-02-17",744,2.99
"Manzana a granel",24512,"2020-05-08",713,2.99
"Manzana a granel",14526,"2019-06-05",720,2.99
"Manzana a granel",24512,"2018-01-24",877,2.99
"Manzana a granel",14526,"2019-04-16",708,2.99
"Manzana a granel",14526,"2019-01-25",782,2.99
"Manzana a granel",24512,"2020-02-18",834,2.99
"Manzana a granel",14526,"2020-04-20",536,2.99
"Manzana a granel",14526,"2019-02-11",831,2.99
"Manzana a granel",14526,"2018-09-29",686,2.99
"Manzana a granel",14526,"2020-01-30",653,2.99
"Manzana a granel",24512,"2018-03-20",710,2.99
"Manzana a granel",24512,"2019-03-13",541.38,2.99
"Manzana a granel",14526,"2018-07-19",633.31,2.99
"Manzana a granel",14526,"2019-08-01",650.62,2.99
"Manzana a granel",24512,"2019-04-10",560,2.99
"Manzana a granel",24512,"2017-12-09",1021,2.99
"Manzana a granel",14526,"2018-04-03",860,2.99
"Manzana a granel",14526,"2019-06-01",680,NA
"Manzana a granel",24512,"2017-10-04",742,2.99
"Manzana a granel",14526,"2020-02-20",649.229,2.99
"Manzana a granel",24512,"2018-06-06",620,2.99
"Manzana a granel",14526,"2018-09-17",787.148,2.99
"Manzana a granel",24512,"2019-07-10",511,2.99
"Manzana a granel",14526,"2018-12-18",580,2.99
"Manzana a granel",14526,"2020-01-13",802,2.99
"Manzana a granel",14526,"2017-11-18",722,2.99
"Manzana a granel",24512,"2018-04-13",640,2.99
"Manzana a granel",14526,"2019-03-22",780.96,2.99
"Manzana a granel",14526,"2019-04-11",634,2.99
"Manzana a granel",14526,"2020-07-24",627,2.99
"Manzana a granel",24512,"2020-08-14",559.894,2.99
"Manzana a granel",14526,"2020-02-26",655,2.99
"Manzana a granel",24512,"2018-09-26",626,2.99
"Manzana a granel",14526,"2019-01-26",701,2.99
"Manzana a granel",24512,"2020-04-27",805,2.99
"Manzana a granel",24512,"2018-12-24",NA,2.99
"Manzana a granel",14526,"2018-02-20",788,2.99
"Manzana a granel",24512,"2020-06-09",374,2.99
"Manzana a granel",24512,"2018-08-16",666.779,2.99
"Manzana a granel",24512,"2020-03-19",729.248,2.99
"Manzana a granel",24512,"2018-07-17",653.204,2.99
"Manzana a granel",14526,"2018-12-13",770,2.99
"Manzana a granel",24512,"2019-12-30",834,2.99
"Manzana a granel",14526,"2018-12-20",643,2.99
"Manzana a granel",24512,"2017-12-28",701,2.99
"Manzana a granel",14526,"2019-11-18",775.916,2.99
"Manzana a granel",24512,"2017-08-11",630,2.99
"Manzana a granel",14526,"2020-01-09",695,2.99
"Manzana a granel",24512,"2019-01-14",691,2.99
"Manzana a granel",14526,"2018-10-22",754.204,2.99
"Manzana a granel",14526,"2020-06-18",551,2.99
"Manzana a granel",24512,"2017-08-08",594,2.99
"Manzana a granel",14526,"2017-11-03",654,2.99
"Manzana a granel",24512,"2019-02-23",740.971,2.99
"Manzana a granel",14526,"2020-07-27",608,2.99
"Manzana a granel",24512,"2018-09-20",606,2.99
"Manzana a granel",24512,"2018-03-12",733,NA
"Manzana a granel",24512,"2017-12-20",704,2.99
"Manzana a granel",24512,"2018-10-24",710,2.99
"Manzana a granel",24512,"2018-03-31",931,2.99
"Manzana a granel",14526,"2017-08-14",842.05,2.99
"Manzana a granel",24512,"2017-11-22",755,2.99
"Manzana a granel",24512,"2017-11-10",760,2.99
"Manzana a granel",14526,"2018-01-20",692,2.99
"Manzana a granel",24512,"2020-05-07",604,2.99
"Manzana a granel",24512,"2018-01-04",673,2.99
"Manzana a granel",14526,"2020-06-27",539,2.99
"Manzana a granel",14526,"2020-04-30",623,2.99
"Manzana a granel",14526,"2018-11-26",840,2.99
"Manzana a granel",14526,"2018-02-12",730,2.99
"Manzana a granel",24512,"2020-06-12",374,2.99
"Manzana a granel",24512,"2019-01-21",620,2.99
"Manzana a granel",14526,"2020-01-22",725,2.99
"Manzana a granel",24512,"2020-03-14",871,2.99
"Manzana a granel",14526,"2018-09-27",733,2.99
"Manzana a granel",24512,"2019-09-23",900.75,2.99
"Manzana a granel",24512,"2019-07-31",533,2.99
"Manzana a granel",24512,"2020-03-09",904,2.99
"Manzana a granel",14526,"2020-01-28",684,2.99
"Manzana a granel",14526,"2020-02-19",687,2.99
"Manzana a granel",24512,"2018-02-24",820,2.99
"Manzana a granel",14526,"2020-02-14",667,2.99
"Manzana a granel",24512,"2019-01-17",547,2.99
"Manzana a granel",14526,"2019-07-06",579,2.99
"Manzana a granel",14526,"2019-07-16",644,2.99
"Manzana a granel",14526,"2017-11-28",720,2.99
"Manzana a granel",24512,"2019-10-21",849,2.99
"Manzana a granel",24512,"2017-12-21",646,2.99
"Manzana a granel",24512,"2018-12-13",591,2.99
"Manzana a granel",24512,"2019-12-23",767,2.99
"Manzana a granel",14526,"2018-09-26",720,2.99
"Manzana a granel",24512,"2019-11-01",347,2.99
"Manzana a granel",14526,"2019-07-29",697,2.99
"Manzana a granel",24512,"2018-04-26",715,2.99
"Manzana a granel",24512,"2017-12-15",721,2.99
"Manzana a granel",24512,"2020-05-18",658,2.99
"Manzana a granel",14526,"2020-04-06",563,2.99
"Manzana a granel",14526,"2019-05-14",539,2.99
"Manzana a granel",14526,"2018-10-29",773,2.99
"Manzana a granel",24512,"2020-01-15",846,2.99
"Manzana a granel",24512,"2018-09-19",664,2.99
"Manzana a granel",14526,"2020-06-17",562,2.99
"Manzana a granel",14526,"2020-08-22",580,2.99
"Manzana a granel",24512,"2019-11-02",966,2.99
"Manzana a granel",14526,"2018-08-10",680.508,2.99
"Manzana a granel",24512,"2019-10-18",765,2.99
"Manzana a granel",14526,"2019-04-15",717,2.99
"Manzana a granel",14526,"2020-01-02",608,2.99
"Manzana a granel",14526,"2018-11-24",725,2.99
"Manzana a granel",24512,"2018-06-04",700,2.99
"Manzana a granel",14526,"2019-10-23",724,2.99
"Manzana a granel",24512,"2019-01-26",717,2.99
"Manzana a granel",14526,"2019-12-07",685,2.99
"Manzana a granel",14526,"2019-01-16",728,2.99
"Manzana a granel",24512,"2017-09-09",939,2.99
"Manzana a granel",24512,"2018-12-14",565,2.99
"Manzana a granel",14526,"2017-08-01",743.26,2.99
"Manzana a granel",14526,"2019-08-30",794.909,2.99
"Manzana a granel",24512,"2019-08-22",702,2.99
"Manzana a granel",24512,"2020-04-06",854,2.99
"Manzana a granel",24512,"2018-07-07",754,2.99
"Manzana a granel",14526,"2018-07-17",674.69,2.99
"Manzana a granel",24512,"2020-09-11",391.667,2.99
"Manzana a granel",14526,"2019-06-07",658,2.99
"Manzana a granel",24512,"2018-11-12",856,2.99
"Manzana a granel",14526,"2018-10-05",717,2.99
"Manzana a granel",14526,"2020-07-01",550,2.99
"Manzana a granel",14526,"2018-11-12",763.831,2.99
"Manzana a granel",14526,"2018-01-09",766,2.99
"Manzana a granel",14526,"2020-04-01",585,2.99
"Manzana a granel",24512,"2018-08-24",635,2.99
"Manzana a granel",24512,"2018-08-07",756,2.99
"Manzana a granel",14526,"2019-05-08",688,2.99
"Manzana a granel",14526,"2019-09-21",642,2.99
"Manzana a granel",14526,"2017-09-11",905,2.99
"Manzana a granel",14526,"2020-04-27",502,2.99
"Manzana a granel",24512,"2018-07-31",580,2.99
"Manzana a granel",14526,"2020-04-11",690,2.99
"Manzana a granel",14526,"2019-09-02",774,2.99
"Manzana a granel",14526,"2018-03-09",751,2.99
"Manzana a granel",24512,"2019-11-30",941,2.99
"Manzana a granel",14526,"2018-05-30",749,2.99
"Manzana a granel",14526,"2020-05-07",533,2.99
"Manzana a granel",24512,"2019-01-19",729,2.99
"Manzana a granel",24512,"2018-08-08",679,2.99
"Manzana a granel",14526,"2020-04-23",550,2.99
"Manzana a granel",14526,"2017-11-13",725,2.99
"Manzana a granel",24512,"2018-07-04",621,2.99
"Manzana a granel",14526,"2019-05-03",774,2.99
"Manzana a granel",24512,"2019-05-24",554,2.99
"Manzana a granel",24512,"2019-06-27",439,2.99
"Manzana a granel",24512,"2017-10-24",738,2.99
"Manzana a granel",24512,"2018-06-15",710,2.99
"Manzana a granel",24512,"2019-11-26",780,2.99
"Manzana a granel",24512,"2018-09-05",616,2.99
"Manzana a granel",24512,"2019-11-20",840,2.99
"Manzana a granel",24512,"2019-09-17",841,2.99
"Manzana a granel",14526,"2020-04-02",665,2.99
"Manzana a granel",24512,"2017-09-14",744.916,2.99
"Manzana a granel",14526,"2018-05-04",732,2.99
"Manzana a granel",24512,"2019-03-30",673,2.99
"Manzana a granel",14526,"2017-10-04",836,2.99
"Manzana a granel",14526,"2020-05-05",479,2.99
"Manzana a granel",14526,"2019-10-16",753,2.99
"Manzana a granel",24512,"2019-01-25",513,2.99
"Manzana a granel",24512,"2019-09-10",760,2.99
"Manzana a granel",24512,"2019-07-23",457,2.99
"Manzana a granel",14526,"2018-01-15",747,2.99
"Manzana a granel",14526,"2018-04-12",714,2.99
"Manzana a granel",14526,"2018-05-03",760,2.99
"Manzana a granel",14526,"2019-09-14",899.909,2.99
"Manzana a granel",24512,"2020-01-25",847,2.99
"Manzana a granel",14526,"2020-03-05",666,2.99
"Manzana a granel",14526,"2019-10-03",667,2.99
"Manzana a granel",14526,"2019-05-10",765,2.99
"Manzana a granel",14526,"2017-10-24",937,2.99
"Manzana a granel",14526,"2019-07-05",790,2.99
"Manzana a granel",14526,"2020-06-03",515,2.99
"Manzana a granel",24512,"2020-06-13",593,2.99
"Manzana a granel",24512,"2017-08-30",651,2.99
"Manzana a granel",14526,"2019-10-25",761,2.99
"Manzana a granel",24512,"2019-06-19",487,2.99
"Manzana a granel",24512,"2020-02-13",803,2.99
"Manzana a granel",14526,"2019-09-30",784,2.99
"Manzana a granel",24512,"2018-02-01",743,2.99
"Manzana a granel",14526,"2017-10-19",811.324,2.99
"Manzana a granel",14526,"2018-12-29",695,2.99
"Manzana a granel",14526,"2017-10-03",882,2.99
"Manzana a granel",14526,"2018-01-22",799,2.99
"Manzana a granel",14526,"2019-08-17",656,2.99
"Manzana a granel",24512,"2019-09-12",755,2.99
"Manzana a granel",24512,"2018-04-11",802,2.99
"Manzana a granel",14526,"2020-08-10",577,2.99
"Manzana a granel",24512,"2018-01-17",740,2.99
"Manzana a granel",14526,"2019-11-23",668,2.99
"Manzana a granel",24512,"2017-12-30",908,2.99
"Manzana a granel",14526,"2017-11-27",728,2.99
"Manzana a granel",14526,"2019-12-20",667,2.99
"Manzana a granel",14526,"2019-04-10",909,2.99
"Manzana a granel",14526,"2019-01-10",784,2.99
"Manzana a granel",14526,"2018-10-26",726,2.99
"Manzana a granel",14526,"2019-09-13",847.727,2.99
"Manzana a granel",24512,"2018-06-19",615,2.99
"Manzana a granel",24512,"2020-05-12",618,2.99
"Manzana a granel",14526,"2018-10-02",745,2.99
"Manzana a granel",14526,"2020-03-18",813.58,2.99
"Manzana a granel",14526,"2020-02-03",788,2.99
"Manzana a granel",24512,"2018-10-31",851,2.99
"Manzana a granel",24512,"2019-09-27",841,2.99
"Manzana a granel",14526,"2019-12-04",772.898,2.99
"Manzana a granel",24512,"2020-01-16",846,2.99
"Manzana a granel",14526,"2018-05-23",763,2.99
"Manzana a granel",24512,"2017-09-07",777,2.99
"Manzana a granel",24512,"2020-04-25",934,2.99
"Manzana a granel",24512,"2017-10-31",1024,2.99
"Manzana a granel",24512,"2020-02-21",694,2.99
"Manzana a granel",24512,"2018-08-14",929,2.99
"Manzana a granel",24512,"2019-05-13",545,2.99
"Manzana a granel",14526,"2019-11-15",709,2.99
"Manzana a granel",24512,"2018-05-22",802,2.99
"Manzana a granel",24512,"2020-07-04",517,2.99
"Manzana a granel",24512,"2019-12-28",887,2.99
"Manzana a granel",14526,"2018-02-22",635.08,2.99
"Manzana a granel",14526,"2019-01-31",633,2.99
"Manzana a granel",14526,"2019-03-04",796,2.99
"Manzana a granel",24512,"2018-12-10",806,2.99
"Manzana a granel",14526,"2017-12-15",688,2.99
"Manzana a granel",24512,"2019-03-12",522,2.99
"Manzana a granel",14526,"2020-09-12",602,2.99
"Manzana a granel",14526,"2017-07-31",823.14,2.99
"Manzana a granel",24512,"2019-08-09",406,2.99
"Manzana a granel",14526,"2017-09-09",832,2.99
"Manzana a granel",14526,"2018-08-02",688.804,2.99
"Manzana a granel",24512,"2018-06-12",681,2.99
"Manzana a granel",24512,"2019-09-14",958,2.99
"Manzana a granel",14526,"2019-09-24",692,2.99
"Manzana a granel",14526,"2019-09-12",737.113,2.99
"Manzana a granel",14526,"2019-03-15",754,2.99
"Manzana a granel",24512,"2020-06-03",399,2.99
"Manzana a granel",14526,"2017-08-12",729,2.99
"Manzana a granel",24512,"2017-08-25",909.786,2.99
"Manzana a granel",24512,"2018-03-01",699,2.99
"Manzana a granel",14526,"2018-08-28",729.98,2.99
"Manzana a granel",14526,"2020-08-21",641,2.99
"Manzana a granel",24512,"2018-11-15",588,2.99
"Manzana a granel",24512,"2018-07-11",679,2.99
"Manzana a granel",14526,"2017-08-19",636.25,2.99
"Manzana a granel",24512,"2019-08-02",448,2.99
"Manzana a granel",14526,"2020-09-18",409,2.99
"Manzana a granel",14526,"2017-10-14",801,2.99
"Manzana a granel",14526,"2019-06-19",674,2.99
"Manzana a granel",14526,"2020-08-24",668,2.99
"Manzana a granel",14526,"2019-12-30",806,2.99
"Manzana a granel",14526,"2018-10-01",864,2.99
"Manzana a granel",14526,"2018-02-28",715,2.99
"Manzana a granel",14526,"2018-01-05",786,2.99
"Manzana a granel",14526,"2018-05-26",655,2.99
"Manzana a granel",14526,"2020-05-20",460,2.99
"Manzana a granel",24512,"2019-01-23",581,2.99
"Manzana a granel",14526,"2019-01-28",875,2.99
"Manzana a granel",14526,"2020-06-12",607,2.99
"Manzana a granel",24512,"2018-07-09",651,2.99
"Manzana a granel",14526,"2017-08-24",729.97,2.99
"Manzana a granel",24512,"2019-05-02",529,2.99
"Manzana a granel",14526,"2020-06-10",567,2.99
"Manzana a granel",24512,"2018-05-31",637,2.99
"Manzana a granel",14526,"2020-09-09",575,2.99
"Manzana a granel",14526,"2019-11-14",634,2.99
"Manzana a granel",24512,"2020-04-17",750,2.99
"Manzana a granel",14526,"2019-09-17",755,2.99
"Manzana a granel",14526,"2020-03-07",654,2.99
"Manzana a granel",14526,"2018-06-22",715,2.99
"Manzana a granel",14526,"2017-12-13",684,2.99
"Manzana a granel",24512,"2018-02-07",712,2.99
"Manzana a granel",24512,"2019-09-02",859,2.99
"Manzana a granel",14526,"2017-11-25",690,2.99
"Manzana a granel",14526,"2020-02-04",675,2.99
"Manzana a granel",24512,"2017-10-10",704.94,2.99
"Manzana a granel",24512,"2020-02-03",931,2.99
"Manzana a granel",14526,"2017-09-15",828,2.99
"Manzana a granel",24512,"2020-07-03",323,2.99
"Manzana a granel",14526,"2020-07-16",486,2.99
"Manzana a granel",14526,"2018-04-27",772.798,2.99
"Manzana a granel",24512,"2019-04-05",497,2.99
"Manzana a granel",14526,"2018-11-17",631,2.99
"Manzana a granel",14526,"2018-04-14",747,2.99
"Manzana a granel",24512,"2018-11-27",662,2.99
"Manzana a granel",24512,"2018-11-20",595,2.99
"Manzana a granel",24512,"2019-11-19",777,2.99
"Manzana a granel",14526,"2020-05-25",599,2.99
"Manzana a granel",24512,"2019-09-13",717,2.99
"Manzana a granel",24512,"2020-01-24",648,2.99
"Manzana a granel",14526,"2020-01-20",769,2.99
"Manzana a granel",14526,"2017-08-08",719.32,2.99
"Manzana a granel",24512,"2019-11-12",766,2.99
"Manzana a granel",24512,"2019-07-22",562,2.99
"Manzana a granel",24512,"2020-03-13",1350,2.99
"Manzana a granel",24512,"2018-11-10",738,2.99
"Manzana a granel",14526,"2020-02-27",673,2.99
"Manzana a granel",14526,"2017-08-17",696,2.99
"Manzana a granel",24512,"2017-10-19",786.781,2.99
"Manzana a granel",24512,"2020-08-07",377,2.99
"Manzana a granel",14526,"2017-12-09",708,2.99
"Manzana a granel",24512,"2019-10-09",791,2.99
"Manzana a granel",14526,"2019-06-13",655,2.99
"Manzana a granel",24512,"2020-06-17",424,2.99
"Manzana a granel",14526,"2019-03-06",725,2.99
"Manzana a granel",14526,"2018-08-01",651.27,2.99
"Manzana a granel",14526,"2020-01-03",679,2.99
"Manzana a granel",14526,"2017-11-22",707,2.99
"Manzana a granel",14526,"2017-09-06",825,2.99
"Manzana a granel",14526,"2020-04-18",497,2.99
"Manzana a granel",14526,"2018-06-04",810,2.99
"Manzana a granel",14526,"2020-09-04",605,2.99
"Manzana a granel",24512,"2019-12-21",759,2.99
"Manzana a granel",14526,"2018-11-27",860,2.99
"Manzana a granel",24512,"2019-09-16",881.45,2.99
"Manzana a granel",24512,"2018-11-02",691,2.99
"Manzana a granel",24512,"2018-12-31",903,2.99
"Manzana a granel",14526,"2018-05-16",793,2.99
"Manzana a granel",14526,"2019-06-14",663,2.99
"Manzana a granel",24512,"2019-12-17",812,2.99
"Manzana a granel",24512,"2018-04-21",1135.899,2.99
"Manzana a granel",14526,"2018-12-05",821,2.99
"Manzana a granel",24512,"2020-01-23",737,2.99
"Manzana a granel",24512,"2017-11-03",691,2.99
"Manzana a granel",24512,"2020-04-28",665,2.99
"Manzana a granel",14526,"2018-09-18",728.364,2.99
"Manzana a granel",24512,"2018-08-31",529,2.99
"Manzana a granel",14526,"2019-07-25",642,2.99
"Manzana a granel",14526,"2019-02-01",825,2.99
"Manzana a granel",24512,"2019-06-06",482,2.99
"Manzana a granel",24512,"2019-10-31",949,2.99
"Manzana a granel",24512,"2017-12-05",1012,2.99
"Manzana a granel",14526,"2019-10-31",747,2.99
"Manzana a granel",14526,"2020-03-28",592,2.99
"Manzana a granel",14526,"2019-02-22",793.946,2.99
"Manzana a granel",14526,"2018-05-21",822,2.99
"Manzana a granel",24512,"2019-01-10",624,2.99
"Manzana a granel",24512,"2020-06-24",396,2.99
"Manzana a granel",24512,"2019-11-13",761,2.99
"Manzana a granel",24512,"2018-07-18",702,2.99
"Manzana a granel",24512,"2020-05-15",781,2.99
"Manzana a granel",24512,"2019-05-27",612,2.99
"Manzana a granel",24512,"2018-09-11",632,2.99
"Manzana a granel",24512,"2018-03-05",777,2.99
"Manzana a granel",24512,"2018-02-16",683.023,2.99
"Manzana a granel",24512,"2018-05-08",747,2.99
"Manzana a granel",24512,"2020-03-18",807,2.99
"Manzana a granel",24512,"2019-01-09",611,2.99
"Manzana a granel",14526,"2018-10-08",783,2.99
"Manzana a granel",24512,"2018-06-22",584,2.99
"Manzana a granel",14526,"2019-11-22",687,2.99
"Manzana a granel",24512,"2018-11-07",661,2.99
"Manzana a granel",24512,"2020-05-13",537,2.99
"Manzana a granel",14526,"2019-12-31",986,2.99
"Manzana a granel",14526,"2020-08-31",627,2.99
"Manzana a granel",24512,"2018-06-29",642,2.99
"Manzana a granel",24512,"2017-09-05",698,2.99
"Manzana a granel",24512,"2020-04-22",896,2.99
"Manzana a granel",24512,"2018-08-10",547,2.99
"Manzana a granel",14526,"2018-07-04",694,2.99
"Manzana a granel",14526,"2019-12-18",678.697,2.99
"Manzana a granel",14526,"2018-06-11",757,2.99
"Manzana a granel",14526,"2019-08-24",677.818,2.99
"Manzana a granel",14526,"2018-08-24",713,2.99
"Manzana a granel",24512,"2018-10-15",811,2.99
"Manzana a granel",14526,"2019-09-27",683,2.99
"Manzana a granel",24512,"2019-03-04",563,2.99
"Manzana a granel",14526,"2017-10-26",846.97,2.99
"Manzana a granel",14526,"2018-07-13",688.87,2.99
"Manzana a granel",24512,"2017-12-26",660,2.99
"Manzana a granel",14526,"2020-06-04",487,2.99
"Manzana a granel",24512,"2018-03-02",687,2.99
"Manzana a granel",14526,"2017-11-16",738.435,2.99
"Manzana a granel",14526,"2018-12-15",712,2.99
"Manzana a granel",14526,"2019-08-13",625,2.99
"Manzana a granel",24512,"2020-06-10",400,2.99
"Manzana a granel",24512,"2019-12-22",243,2.99
"Manzana a granel",14526,"2018-02-19",750,2.99
"Manzana a granel",24512,"2019-10-03",763,2.99
"Manzana a granel",24512,"2019-08-17",608,2.99
"Manzana a granel",14526,"2018-07-28",577.754,2.99
"Manzana a granel",14526,"2018-06-02",721,2.99
"Manzana a granel",24512,"2020-03-23",1094,2.99
"Manzana a granel",14526,"2019-08-03",683.909,2.99
"Manzana a granel",24512,"2018-03-27",782,2.99
"Manzana a granel",24512,"2018-04-27",658,2.99
"Manzana a granel",24512,"2020-08-24",459,2.99
"Manzana a granel",24512,"2020-07-27",452,2.99
"Manzana a granel",24512,"2018-06-13",626,2.99
"Manzana a granel",14526,"2019-07-19",674,2.99
"Manzana a granel",24512,"2018-09-08",899,2.99
"Manzana a granel",14526,"2020-05-21",473,2.99
"Manzana a granel",14526,"2020-01-17",705,2.99
"Manzana a granel",14526,"2019-01-24",716,2.99
"Manzana a granel",14526,"2018-08-07",651.654,2.99
"Manzana a granel",14526,"2020-02-05",706,2.99
"Manzana a granel",24512,"2020-08-28",340,2.99
"Manzana a granel",14526,"2020-02-01",667,2.99
"Manzana a granel",14526,"2020-02-18",685,2.99
"Manzana a granel",14526,"2018-07-20",646,2.99
"Manzana a granel",24512,"2018-02-02",651,2.99
"Manzana a granel",14526,"2018-06-07",676,2.99
"Manzana a granel",24512,"2019-04-04",507.824,2.99
"Manzana a granel",24512,"2018-01-20",1054,2.99
"Manzana a granel",14526,"2019-10-28",805,2.99
"Manzana a granel",14526,"2017-12-22",723,2.99
"Manzana a granel",14526,"2017-12-30",767,2.99
"Manzana a granel",14526,"2018-04-17",741,2.99
"Manzana a granel",14526,"2018-11-21",733,2.99
"Manzana a granel",14526,"2019-03-11",801,2.99
"Manzana a granel",14526,"2017-08-02",769,2.99
"Manzana a granel",24512,"2019-08-16",517,2.99
"Manzana a granel",14526,"2018-12-28",698,2.99
"Manzana a granel",24512,"2019-05-11",601,2.99
"Manzana a granel",24512,"2017-11-30",797,2.99
"Manzana a granel",24512,"2017-10-14",776,2.99
"Manzana a granel",14526,"2019-12-12",659,2.99
"Manzana a granel",14526,"2018-03-15",739,2.99
"Manzana a granel",24512,"2019-03-02",666,2.99
"Manzana a granel",24512,"2018-01-26",695,2.99
"Manzana a granel",24512,"2017-10-30",774,2.99
"Manzana a granel",14526,"2017-11-24",680,2.99
"Manzana a granel",14526,"2020-04-09",322,2.99
"Manzana a granel",24512,"2018-08-13",761,2.99
"Manzana a granel",24512,"2020-08-06",285,2.99
"Manzana a granel",24512,"2017-09-01",617.029,2.99
"Manzana a granel",14526,"2017-09-13",924,2.99
"Manzana a granel",14526,"2017-10-06",794,2.99
"Manzana a granel",14526,"2020-01-07",774,2.99
"Manzana a granel",24512,"2020-06-25",371,2.99
"Manzana a granel",14526,"2018-02-26",785,2.99
"Manzana a granel",24512,"2019-11-15",662,2.99
"Manzana a granel",14526,"2019-07-09",641,2.99
"Manzana a granel",14526,"2018-11-30",713,2.99
"Manzana a granel",24512,"2018-03-22",632,2.99
"Manzana a granel",24512,"2020-04-01",672,2.99
"Manzana a granel",24512,"2019-05-23",496,2.99
"Manzana a granel",24512,"2018-12-28",582,2.99
"Manzana a granel",24512,"2019-02-21",596.971,2.99
"Manzana a granel",14526,"2018-03-01",781,2.99
"Manzana a granel",24512,"2019-11-23",1012,2.99
"Manzana a granel",24512,"2018-08-06",768.058,2.99
"Manzana a granel",24512,"2018-10-16",623,2.99
"Manzana a granel",14526,"2019-06-20",669,2.99
"Manzana a granel",14526,"2019-11-30",576,2.99
"Manzana a granel",14526,"2017-08-21",776.25,2.99
"Manzana a granel",24512,"2020-09-19",504,2.99
"Manzana a granel",14526,"2019-07-26",670,2.99
"Manzana a granel",24512,"2020-03-12",833,2.99
"Manzana a granel",24512,"2020-04-02",805,2.99
"Manzana a granel",14526,"2018-10-24",720,2.99
"Manzana a granel",14526,"2020-09-16",559,2.99
"Manzana a granel",14526,"2019-03-26",845,2.99
"Manzana a granel",14526,"2018-02-21",793,2.99
"Manzana a granel",14526,"2018-07-30",723.378,2.99
"Manzana a granel",14526,"2017-08-30",738,2.99
"Manzana a granel",24512,"2019-06-28",541,2.99
"Manzana a granel",24512,"2017-09-02",777.029,2.99
"Manzana a granel",24512,"2019-12-16",899,2.99
"Manzana a granel",14526,"2017-10-23",913,2.99
"Manzana a granel",24512,"2018-02-27",725,2.99
"Manzana a granel",14526,"2018-10-17",721,2.99
"Manzana a granel",14526,"2018-08-14",643,2.99
"Manzana a granel",24512,"2020-01-18",989,2.99
"Manzana a granel",14526,"2018-08-17",636,2.99
"Manzana a granel",24512,"2019-07-15",515,2.99
"Manzana a granel",24512,"2018-11-22",642,2.99
"Manzana a granel",14526,"2017-08-23",729,2.99
"Manzana a granel",24512,"2020-07-02",334,2.99
"Manzana a granel",24512,"2020-06-08",446,2.99
"Manzana a granel",24512,"2018-10-01",710,2.99
"Manzana a granel",24512,"2019-06-24",587,2.99
"Manzana a granel",24512,"2020-05-20",429,2.99
"Manzana a granel",24512,"2018-10-20",812.186,2.99
"Manzana a granel",24512,"2019-02-06",565,2.99
"Manzana a granel",14526,"2020-07-06",736,2.99
"Manzana a granel",24512,"2017-08-31",670.058,2.99
"Manzana a granel",24512,"2017-10-18",722,2.99
"Manzana a granel",14526,"2019-10-30",727,2.99
"Manzana a granel",14526,"2019-05-06",828,2.99
"Manzana a granel",24512,"2018-09-28",625,2.99
"Manzana a granel",14526,"2019-02-12",767,2.99
"Manzana a granel",14526,"2020-06-29",594,2.99
"Manzana a granel",24512,"2018-01-22",920,2.99
"Manzana a granel",24512,"2019-01-22",564,2.99
"Manzana a granel",24512,"2020-04-04",904,2.99
"Manzana a granel",14526,"2018-04-06",662.112,2.99
"Manzana a granel",14526,"2020-06-13",602,2.99
"Manzana a granel",24512,"2018-02-06",675,2.99
"Manzana a granel",14526,"2020-05-19",512,2.99
"Manzana a granel",24512,"2018-12-22",640,2.99
"Manzana a granel",14526,"2019-05-13",778,2.99
"Manzana a granel",24512,"2018-11-17",827,2.99
"Manzana a granel",14526,"2018-09-21",700,2.99
"Manzana a granel",24512,"2018-08-02",611.192,2.99
"Manzana a granel",24512,"2019-06-05",525,2.99
"Manzana a granel",14526,"2019-09-11",800.909,2.99
"Manzana a granel",24512,"2020-04-24",938,2.99
"Manzana a granel",24512,"2020-09-16",368,2.99
"Manzana a granel",24512,"2019-09-04",795,2.99
"Manzana a granel",24512,"2019-05-10",466,2.99
"Manzana a granel",14526,"2020-06-26",625,2.99
"Manzana a granel",14526,"2019-12-14",615.899,2.99
"Manzana a granel",14526,"2020-08-20",548,2.99
"Manzana a granel",24512,"2018-02-14",734,2.99
"Manzana a granel",14526,"2018-02-24",730,2.99
"Manzana a granel",14526,"2020-08-19",548,2.99
"Manzana a granel",24512,"2018-02-10",816,2.99
"Manzana a granel",24512,"2020-01-21",780,2.99
"Manzana a granel",24512,"2020-01-31",735,2.99
"Manzana a granel",14526,"2020-06-01",530,2.99
"Manzana a granel",14526,"2018-12-12",787,2.99
"Manzana a granel",14526,"2018-03-24",689,2.99
"Manzana a granel",14526,"2020-05-13",468,2.99
"Manzana a granel",14526,"2020-04-03",656,2.99
"Manzana a granel",24512,"2019-06-08",819,2.99
"Manzana a granel",14526,"2020-09-19",384,2.99
"Manzana a granel",14526,"2020-05-12",497,2.99
"Manzana a granel",24512,"2020-06-29",362,2.99
"Manzana a granel",14526,"2018-06-29",695,2.99
"Manzana a granel",24512,"2018-11-24",883,2.99
"Manzana a granel",14526,"2019-04-06",869,2.99
"Manzana a granel",24512,"2018-04-25",751,2.99
"Manzana a granel",24512,"2019-12-29",213,2.99
"Manzana a granel",14526,"2018-04-24",753,2.99
"Manzana a granel",14526,"2020-01-23",645,2.99
"Manzana a granel",24512,"2017-08-28",991.572,2.99
"Manzana a granel",24512,"2019-11-08",781,2.99
"Manzana a granel",24512,"2019-04-24",681,2.99
"Manzana a granel",24512,"2019-01-08",761,2.99
"Manzana a granel",14526,"2019-09-03",704,2.99
"Manzana a granel",14526,"2019-06-26",702,2.99
"Manzana a granel",14526,"2019-03-18",804,2.99
"Manzana a granel",24512,"2018-04-19",724,2.99
"Manzana a granel",24512,"2019-06-03",545,2.99
"Manzana a granel",14526,"2017-11-15",699,2.99
"Manzana a granel",14526,"2019-04-02",949,2.99
"Manzana a granel",14526,"2019-04-01",952,2.99
"Manzana a granel",14526,"2019-12-05",763,2.99
"Manzana a granel",14526,"2017-11-30",695,2.99
"Manzana a granel",14526,"2019-03-13",749,2.99
"Manzana a granel",14526,"2020-06-24",550,2.99
"Manzana a granel",14526,"2019-01-08",912,2.99
"Manzana a granel",24512,"2018-05-02",906,2.99
"Manzana a granel",14526,"2018-04-19",715.912,2.99
"Manzana a granel",24512,"2018-05-04",772,2.99
"Manzana a granel",14526,"2019-09-04",663.818,2.99
"Manzana a granel",14526,"2019-05-30",661,2.99
"Manzana a granel",24512,"2020-01-11",928,2.99
"Manzana a granel",14526,"2020-02-28",747,2.99
"Manzana a granel",14526,"2018-03-13",730,2.99
"Manzana a granel",24512,"2017-09-13",715,2.99
"Manzana a granel",14526,"2018-03-17",712,2.99
"Manzana a granel",24512,"2020-03-07",894,2.99
"Manzana a granel",24512,"2019-10-29",822,2.99
"Manzana a granel",14526,"2019-03-01",811,2.99
"Manzana a granel",14526,"2018-09-28",723,2.99
"Manzana a granel",24512,"2018-06-11",724,2.99
"Manzana a granel",24512,"2017-09-21",772,2.99
"Manzana a granel",24512,"2020-01-14",785,2.99
"Manzana a granel",14526,"2019-08-07",609.727,2.99
"Manzana a granel",24512,"2019-07-18",514,2.99
"Manzana a granel",24512,"2019-01-12",723,2.99
"Manzana a granel",24512,"2020-02-27",731,2.99
"Manzana a granel",24512,"2020-03-28",1034,2.99
"Manzana a granel",24512,"2018-01-15",785,2.99
"Manzana a granel",14526,"2018-11-23",676,2.99
"Manzana a granel",24512,"2019-06-20",511,2.99
"Manzana a granel",24512,"2017-11-07",748,2.99
"Manzana a granel",14526,"2018-02-10",687,2.99
"Manzana a granel",24512,"2019-05-20",596,2.99
"Manzana a granel",14526,"2019-03-09",710,2.99
"Manzana a granel",24512,"2019-10-24",736,2.99
"Manzana a granel",14526,"2019-09-06",702.909,2.99
"Manzana a granel",24512,"2018-07-05",576.857,2.99
"Manzana a granel",24512,"2020-04-15",682,2.99
"Manzana a granel",14526,"2019-08-23",724,2.99
"Manzana a granel",24512,"2020-07-20",419,2.99
"Manzana a granel",14526,"2019-12-16",784,2.99
"Manzana a granel",14526,"2019-12-19",659,2.99
"Manzana a granel",14526,"2018-01-27",738,2.99
"Manzana a granel",24512,"2019-06-17",570,2.99
"Manzana a granel",14526,"2020-05-26",479,2.99
"Manzana a granel",24512,"2018-08-21",616,2.99
"Manzana a granel",14526,"2020-04-16",502,2.99
"Manzana a granel",14526,"2019-02-25",848,2.99
"Manzana a granel",14526,"2020-01-14",725,2.99
"Manzana a granel",14526,"2018-01-03",643.822,2.99
"Manzana a granel",14526,"2020-08-25",526,2.99
"Manzana a granel",24512,"2019-05-30",504,2.99
"Manzana a granel",14526,"2019-04-05",897,2.99
"Manzana a granel",24512,"2018-01-19",692,2.99
"Manzana a granel",14526,"2019-10-15",735,2.99
"Manzana a granel",14526,"2017-12-02",657,2.99
"Manzana a granel",24512,"2018-03-28",1250,2.99
"Manzana a granel",14526,"2018-06-18",787,2.99
"Manzana a granel",14526,"2020-05-28",487,2.99
"Manzana a granel",24512,"2018-09-25",689,2.99
"Manzana a granel",14526,"2019-12-11",698,2.99
"Manzana a granel",24512,"2019-05-17",509,2.99
"Manzana a granel",14526,"2017-11-10",718,2.99
"Manzana a granel",14526,"2020-07-04",537,2.99
"Manzana a granel",14526,"2020-08-05",565,2.99
"Manzana a granel",14526,"2019-02-04",801.33,2.99
"Manzana a granel",14526,"2018-12-10",821,2.99
"Manzana a granel",14526,"2019-11-07",736,2.99
"Manzana a granel",24512,"2019-06-21",506,2.99
"Manzana a granel",24512,"2019-03-28",553,2.99
"Manzana a granel",24512,"2019-04-26",478,2.99
"Manzana a granel",24512,"2019-10-19",907,2.99
"Manzana a granel",14526,"2018-10-20",621,2.99
"Manzana a granel",14526,"2017-08-03",745,2.99
"Manzana a granel",24512,"2019-06-14",562.7,2.99
"Manzana a granel",24512,"2019-02-19",544,2.99
"Manzana a granel",14526,"2020-02-21",724,2.99
"Manzana a granel",14526,"2018-04-30",791,2.99
"Manzana a granel",14526,"2018-02-15",704.572,2.99
"Manzana a granel",14526,"2020-08-26",576,2.99
"Manzana a granel",24512,"2018-10-02",685,2.99
"Manzana a granel",24512,"2018-11-19",726,2.99
"Manzana a granel",14526,"2018-02-27",767,2.99
"Manzana a granel",24512,"2018-01-25",876,2.99
"Manzana a granel",14526,"2019-07-24",660,2.99
"Manzana a granel",14526,"2018-05-17",730,2.99
"Manzana a granel",24512,"2018-05-11",582,2.99
"Manzana a granel",24512,"2018-04-12",661,2.99
"Manzana a granel",14526,"2018-06-14",730,2.99
"Manzana a granel",14526,"2018-03-08",685,2.99
"Manzana a granel",24512,"2017-11-09",721.332,2.99
"Manzana a granel",14526,"2018-10-15",806,2.99
"Manzana a granel",24512,"2020-05-23",584,2.99
"Manzana a granel",24512,"2018-06-09",814,2.99
"Manzana a granel",14526,"2018-10-27",718,2.99
"Manzana a granel",24512,"2018-07-02",689,2.99
"Manzana a granel",24512,"2018-05-29",652,2.99
"Manzana a granel",24512,"2019-06-15",557,2.99
"Manzana a granel",24512,"2019-10-28",816,2.99
"Manzana a granel",14526,"2019-04-27",659,2.99
"Manzana a granel",14526,"2019-05-15",773,2.99
"Manzana a granel",14526,"2017-12-29",734,2.99
"Manzana a granel",14526,"2018-10-19",730,2.99
"Manzana a granel",24512,"2017-10-09",815.948,2.99
"Manzana a granel",14526,"2019-03-07",712,2.99
"Manzana a granel",24512,"2017-07-31",742,2.99
"Manzana a granel",24512,"2019-05-31",564,2.99
"Manzana a granel",14526,"2019-03-21",744.981,2.99
"Manzana a granel",14526,"2019-08-08",625.909,2.99
"Manzana a granel",14526,"2019-11-19",698.972,2.99
"Manzana a granel",14526,"2018-06-12",718,2.99
"Manzana a granel",14526,"2020-05-22",621,2.99
"Manzana a granel",14526,"2018-08-21",665,2.99
"Manzana a granel",24512,"2020-07-25",510,2.99
"Manzana a granel",24512,"2020-07-21",391,2.99
"Manzana a granel",14526,"2019-06-08",680,2.99
"Manzana a granel",24512,"2019-01-18",578,2.99
"Manzana a granel",14526,"2019-03-25",825,2.99
"Manzana a granel",24512,"2017-10-25",724,2.99
"Manzana a granel",14526,"2020-03-10",746,2.99
"Manzana a granel",24512,"2019-02-14",531,2.99
"Manzana a granel",24512,"2020-07-30",342.276,2.99
"Manzana a granel",24512,"2020-03-30",891,2.99
"Manzana a granel",24512,"2017-08-16",714,2.99
"Manzana a granel",14526,"2019-02-18",840,2.99
"Manzana a granel",24512,"2019-05-29",518,2.99
"Manzana a granel",14526,"2019-08-09",671.727,2.99
"Manzana a granel",24512,"2018-03-21",811,2.99
"Manzana a granel",24512,"2017-11-21",776,2.99
"Manzana a granel",14526,"2018-11-16",758,2.99
"Manzana a granel",24512,"2019-12-31",1206,2.99
"Manzana a granel",24512,"2018-06-14",678,2.99
"Manzana a granel",24512,"2020-01-29",859,2.99
"Manzana a granel",14526,"2020-06-02",497,2.99
"Manzana a granel",24512,"2018-12-07",901,2.99
"Manzana a granel",24512,"2017-12-14",762,2.99
"Manzana a granel",14526,"2020-04-22",491,2.99
"Manzana a granel",24512,"2020-08-18",400,2.99
"Manzana a granel",24512,"2020-02-06",656,2.99
"Manzana a granel",24512,"2018-10-08",738,2.99
"Manzana a granel",24512,"2019-07-13",580,2.99
"Manzana a granel",14526,"2018-01-31",735,2.99
"Manzana a granel",24512,"2018-07-25",618.827,2.99
"Manzana a granel",24512,"2019-06-12",503,2.99
"Manzana a granel",24512,"2019-04-20",693,2.99
"Manzana a granel",14526,"2018-06-21",712,2.99
"Manzana a granel",24512,"2017-10-11",1065,2.99
"Manzana a granel",24512,"2018-08-20",724,2.99
"Manzana a granel",24512,"2017-12-11",807,2.99
"Manzana a granel",24512,"2020-05-16",907,2.99
"Manzana a granel",14526,"2019-05-09",701.891,2.99
"Manzana a granel",24512,"2019-02-20",577.734,2.99
"Manzana a granel",14526,"2018-01-17",716,2.99
"Manzana a granel",24512,"2020-08-29",512.413,2.99
"Manzana a granel",24512,"2018-05-17",643,2.99
"Manzana a granel",24512,"2019-07-16",505,2.99
"Manzana a granel",24512,"2017-10-16",834,2.99
"Manzana a granel",24512,"2018-09-12",687,2.99
"Manzana a granel",14526,"2017-12-14",695,2.99
"Manzana a granel",24512,"2020-07-23",365,2.99
"Manzana a granel",24512,"2020-09-03",397,2.99
"Manzana a granel",24512,"2018-12-03",696,2.99
"Manzana a granel",14526,"2019-10-08",747,2.99
"Manzana a granel",24512,"2017-11-04",937.863,2.99
"Manzana a granel",24512,"2018-08-23",635,2.99
"Manzana a granel",14526,"2017-09-07",877,2.99
"Manzana a granel",14526,"2017-08-31",824.041,2.99
"Manzana a granel",24512,"2019-03-19",544,2.99
"Manzana a granel",24512,"2017-08-17",605.8,2.99
"Manzana a granel",14526,"2019-03-28",731,2.99
"Manzana a granel",24512,"2020-05-27",379,2.99
"Manzana a granel",24512,"2019-12-14",913,2.99
"Manzana a granel",14526,"2019-12-21",591,2.99
"Manzana a granel",14526,"2020-01-29",678,2.99
"Manzana a granel",24512,"2018-08-09",750.016,2.99
"Manzana a granel",24512,"2020-05-14",639,2.99
"Manzana a granel",14526,"2018-08-03",694,2.99
"Manzana a granel",14526,"2018-11-09",658.113,2.99
"Manzana a granel",14526,"2019-11-25",801,2.99
"Manzana a granel",24512,"2018-10-05",577,2.99
"Manzana a granel",14526,"2018-07-06",750,2.99
"Manzana a granel",14526,"2017-11-08",637,2.99
"Manzana a granel",14526,"2018-08-22",683,2.99
"Manzana a granel",24512,"2019-07-05",501,2.99
"Manzana a granel",24512,"2017-10-02",856,2.99
"Manzana a granel",24512,"2017-12-07",1047,2.99
"Manzana a granel",24512,"2020-09-07",417.127,2.99
"Manzana a granel",24512,"2020-05-25",434,2.99
"Manzana a granel",24512,"2018-10-30",705,2.99
"Manzana a granel",24512,"2020-08-05",376,2.99
"Manzana a granel",14526,"2018-01-25",730,2.99
"Manzana a granel",14526,"2019-10-26",672,2.99
"Manzana a granel",14526,"2018-01-04",635.914,2.99
"Manzana a granel",14526,"2020-03-03",676,2.99
"Manzana a granel",14526,"2018-04-10",736,2.99
"Manzana a granel",14526,"2018-11-02",746.6,2.99
"Manzana a granel",24512,"2018-05-24",818.023,2.99
"Manzana a granel",24512,"2019-03-11",630,2.99
"Manzana a granel",14526,"2020-08-06",525,2.99
"Manzana a granel",24512,"2017-10-23",768,2.99
"Manzana a granel",24512,"2020-06-05",338,2.99
"Manzana a granel",14526,"2017-09-20",864,2.99
"Manzana a granel",24512,"2020-04-30",924,2.99
"Manzana a granel",14526,"2019-02-23",644,2.99
"Manzana a granel",14526,"2019-05-28",734,2.99
"Manzana a granel",24512,"2017-10-05",698,2.99
"Manzana a granel",24512,"2018-12-15",792,2.99
"Manzana a granel",14526,"2018-09-06",657.386,2.99
"Manzana a granel",24512,"2020-04-07",902,2.99
"Manzana a granel",14526,"2018-07-11",725.27,2.99
"Manzana a granel",24512,"2020-06-19",387,2.99
"Manzana a granel",24512,"2017-10-03",774,2.99
"Manzana a granel",24512,"2019-04-02",536,2.99
"Manzana a granel",14526,"2018-10-30",764,2.99
"Manzana a granel",14526,"2019-09-28",643,2.99
"Manzana a granel",24512,"2020-07-15",384,2.99
"Manzana a granel",14526,"2017-11-11",661,2.99
"Manzana a granel",14526,"2018-04-23",810,2.99
"Manzana a granel",14526,"2020-01-15",784,2.99
"Manzana a granel",14526,"2020-07-22",570,2.99
"Manzana a granel",14526,"2020-06-23",584,2.99
"Manzana a granel",24512,"2019-07-06",580.815,2.99
"Manzana a granel",14526,"2018-08-11",586,2.99
"Manzana a granel",24512,"2018-07-21",734,2.99
"Manzana a granel",14526,"2018-04-09",882.112,2.99
"Manzana a granel",14526,"2020-08-07",554,2.99
"Manzana a granel",14526,"2019-05-16",707,2.99
"Manzana a granel",24512,"2019-07-03",494,2.99
"Manzana a granel",24512,"2020-08-03",444,2.99
"Manzana a granel",24512,"2018-01-03",624,2.99
"Manzana a granel",24512,"2019-08-29",883,2.99
"Manzana a granel",24512,"2019-07-17",467,2.99
"Manzana a granel",24512,"2019-10-16",871,2.99
"Manzana a granel",24512,"2018-09-17",746.184,2.99
"Manzana a granel",14526,"2018-05-19",677,2.99
"Manzana a granel",24512,"2020-04-03",707,2.99
"Manzana a granel",24512,"2017-08-21",691,2.99
"Manzana a granel",24512,"2017-11-18",848,2.99
"Manzana a granel",14526,"2018-09-08",725.6,2.99
"Manzana a granel",24512,"2020-02-22",819,2.99
"Manzana a granel",24512,"2018-05-10",758.952,2.99
"Manzana a granel",24512,"2018-06-16",795,2.99
"Manzana a granel",14526,"2017-08-26",701,2.99
"Manzana a granel",14526,"2019-08-21",628.636,2.99
"Manzana a granel",14526,"2018-05-14",874,2.99
"Manzana a granel",14526,"2017-08-11",741.61,2.99
"Manzana a granel",24512,"2020-06-27",451,2.99
"Manzana a granel",14526,"2020-03-21",583,2.99
"Manzana a granel",24512,"2017-12-19",713,2.99
"Manzana a granel",24512,"2019-07-02",497,2.99
"Manzana a granel",14526,"2019-06-12",766,2.99
"Manzana a granel",24512,"2017-10-07",940,2.99
"Manzana a granel",24512,"2019-07-29",558,2.99
"Manzana a granel",14526,"2019-06-28",657,2.99
"Manzana a granel",14526,"2018-08-09",594.508,2.99
"Manzana a granel",14526,"2020-02-12",723,2.99
"Manzana a granel",24512,"2018-12-23",203,2.99
"Manzana a granel",14526,"2019-08-05",742,2.99
"Manzana a granel",24512,"2018-02-08",748,2.99
"Manzana a granel",14526,"2020-01-11",665,2.99
"Manzana a granel",24512,"2018-08-28",899.209,2.99
"Manzana a granel",14526,"2020-09-11",599,2.99
"Manzana a granel",14526,"2020-07-18",618,2.99
"Manzana a granel",14526,"2019-06-21",687,2.99
"Manzana a granel",24512,"2020-07-11",459,2.99
"Manzana a granel",14526,"2019-09-10",733,2.99
"Manzana a granel",24512,"2019-03-09",623,2.99
"Manzana a granel",14526,"2020-02-24",726.963,2.99
"Manzana a granel",14526,"2018-03-23",736,2.99
"Manzana a granel",14526,"2020-03-17",807,2.99
"Manzana a granel",14526,"2018-06-05",775,2.99
"Manzana a granel",24512,"2019-03-26",522,2.99
"Manzana a granel",24512,"2019-09-26",771,2.99
"Manzana a granel",24512,"2020-07-10",401,2.99
"Manzana a granel",24512,"2018-06-18",700,2.99
"Manzana a granel",14526,"2018-03-06",777,2.99
"Manzana a granel",14526,"2018-04-16",836.874,2.99
"Manzana a granel",14526,"2017-09-16",998.972,2.99
"Manzana a granel",24512,"2018-09-07",612,2.99
"Manzana a granel",24512,"2019-08-10",550,2.99
"Manzana a granel",14526,"2019-02-21",705.863,2.99
"Manzana a granel",24512,"2018-03-24",919,2.99
"Manzana a granel",14526,"2020-07-13",588,2.99
"Manzana a granel",14526,"2018-12-31",1069,2.99
"Manzana a granel",24512,"2019-01-29",595,2.99
"Manzana a granel",24512,"2018-12-04",685,2.99
"Manzana a granel",14526,"2017-08-09",709.14,2.99
"Manzana a granel",24512,"2020-09-17",358,2.99
"Manzana a granel",24512,"2019-11-05",837,2.99
"Manzana a granel",24512,"2019-07-26",456,2.99
"Manzana a granel",14526,"2018-07-12",658.858,2.99
"Manzana a granel",24512,"2019-02-16",727,2.99
"Manzana a granel",24512,"2020-02-17",878,2.99
"Manzana a granel",24512,"2017-11-02",793.263,2.99
"Manzana a granel",24512,"2017-12-18",797,2.99
"Manzana a granel",14526,"2020-04-04",604,2.99
"Manzana a granel",24512,"2019-09-05",728,2.99
"Manzana a granel",24512,"2020-02-01",977,2.99
"Manzana a granel",14526,"2017-08-25",829,2.99
"Manzana a granel",24512,"2019-07-20",607,2.99
"Manzana a granel",24512,"2019-12-08",272,2.99
"Manzana a granel",24512,"2018-08-29",637.294,2.99
"Manzana a granel",14526,"2018-07-24",648.18,2.99
"Manzana a granel",24512,"2019-11-29",826,2.99
"Manzana a granel",24512,"2019-11-22",753,2.99
"Manzana a granel",14526,"2019-09-09",788,2.99
"Manzana a granel",14526,"2017-11-17",733,2.99
"Manzana a granel",14526,"2018-12-07",830,2.99
"Manzana a granel",14526,"2019-07-18",622,2.99
"Manzana a granel",14526,"2020-03-31",610,2.99
"Manzana a granel",24512,"2019-01-04",557,2.99
"Manzana a granel",14526,"2020-06-15",593,2.99
"Manzana a granel",24512,"2018-03-06",674,2.99
"Manzana a granel",14526,"2017-10-17",843,2.99
"Manzana a granel",24512,"2020-06-18",395,2.99
"Manzana a granel",24512,"2020-02-12",800,2.99
"Manzana a granel",14526,"2018-02-03",660.202,2.99
"Manzana a granel",24512,"2019-10-02",846,2.99
"Manzana a granel",24512,"2020-09-04",358,2.99
"Manzana a granel",14526,"2018-02-07",772,2.99
"Manzana a granel",14526,"2019-05-25",662,2.99
"Manzana a granel",14526,"2020-02-22",672,2.99
"Manzana a granel",24512,"2017-12-31",745,2.99
"Manzana a granel",24512,"2020-07-29",364,2.99
"Manzana a granel",14526,"2019-06-03",776,2.99
"Manzana a granel",24512,"2020-08-20",324,2.99
"Manzana a granel",14526,"2018-12-14",683,2.99
"Manzana a granel",24512,"2018-01-10",769,2.99
"Manzana a granel",24512,"2019-01-30",574,2.99
"Manzana a granel",24512,"2017-10-13",720,2.99
"Manzana a granel",14526,"2018-12-27",699,2.99
"Manzana a granel",14526,"2018-02-23",814.987,2.99
"Manzana a granel",14526,"2020-08-04",552,2.99
"Manzana a granel",24512,"2020-04-16",697,2.99
"Manzana a granel",24512,"2019-10-30",822,2.99
"Manzana a granel",24512,"2018-08-11",798,2.99
"Manzana a granel",14526,"2019-06-22",633,2.99
"Manzana a granel",14526,"2019-06-06",731,2.99
"Manzana a granel",14526,"2019-06-04",685,2.99
"Manzana a granel",24512,"2018-10-06",713,2.99
"Manzana a granel",24512,"2019-02-01",525,2.99
"Manzana a granel",24512,"2019-12-13",725,2.99
"Manzana a granel",14526,"2017-12-12",715,2.99
"Manzana a granel",14526,"2018-08-18",604,2.99
"Manzana a granel",24512,"2019-08-30",619,2.99
"Manzana a granel",14526,"2018-05-08",732,2.99
"Manzana a granel",14526,"2018-08-25",618,2.99
"Manzana a granel",24512,"2018-07-24",575,2.99
"Manzana a granel",24512,"2019-11-07",887,2.99
"Manzana a granel",14526,"2020-08-17",648.41,2.99
"Manzana a granel",14526,"2020-02-08",699,2.99
"Manzana a granel",24512,"2019-04-13",688,2.99
"Manzana a granel",24512,"2018-01-02",643,2.99
"Manzana a granel",14526,"2020-05-08",610,2.99
"Manzana a granel",24512,"2019-08-01",441,2.99
"Manzana a granel",14526,"2019-01-19",725,2.99
"Manzana a granel",14526,"2018-05-31",757.82,2.99
"Manzana a granel",24512,"2018-10-10",697,2.99
"Manzana a granel",14526,"2018-08-20",734,2.99
"Manzana a granel",14526,"2018-03-26",770,2.99
"Manzana a granel",24512,"2020-07-01",373,2.99
"Manzana a granel",14526,"2020-08-11",502,2.99
"Manzana a granel",14526,"2019-06-27",701.382,2.99
"Manzana a granel",14526,"2019-04-24",643,2.99
"Manzana a granel",24512,"2020-05-22",436,2.99
"Manzana a granel",24512,"2020-08-31",429,2.99
"Manzana a granel",14526,"2018-02-08",721,2.99
"Manzana a granel",24512,"2019-05-14",526,2.99
"Manzana a granel",14526,"2018-11-15",710.155,2.99
"Manzana a granel",14526,"2020-03-14",975,2.99
"Manzana a granel",14526,"2019-02-07",706.477,2.99
"Manzana a granel",24512,"2018-01-12",742,2.99
"Manzana a granel",24512,"2018-08-04",668,2.99
"Manzana a granel",24512,"2018-06-07",631,2.99
"Manzana a granel",14526,"2019-06-11",714,2.99
"Manzana a granel",14526,"2018-10-31",795.738,2.99
"Manzana a granel",14526,"2019-01-09",778,2.99
"Manzana a granel",24512,"2019-01-05",866,2.99
"Manzana a granel",24512,"2020-01-28",722,2.99
"Manzana a granel",14526,"2017-09-08",819,2.99
"Manzana a granel",24512,"2018-11-13",651,2.99
"Manzana a granel",24512,"2020-08-17",481,2.99
"Manzana a granel",24512,"2019-08-07",455,2.99
"Manzana a granel",24512,"2018-02-28",728,2.99
"Manzana a granel",24512,"2020-02-15",890,2.99
"Manzana a granel",14526,"2019-05-11",619,2.99
"Manzana a granel",24512,"2019-06-04",520,2.99
"Manzana a granel",24512,"2018-06-27",589,2.99
"Manzana a granel",24512,"2017-08-12",802,2.99
"Manzana a granel",24512,"2018-09-21",611,2.99
"Manzana a granel",14526,"2019-10-29",754,2.99
"Manzana a granel",24512,"2017-09-19",665,2.99
"Manzana a granel",24512,"2018-04-24",909,2.99
"Manzana a granel",24512,"2019-09-19",753,2.99
"Manzana a granel",24512,"2019-12-24",1197,2.99
"Manzana a granel",14526,"2018-06-15",676,2.99
"Manzana a granel",24512,"2020-04-11",1090,2.99
"Manzana a granel",24512,"2020-03-10",827,2.99
"Manzana a granel",14526,"2020-06-05",676,2.99
"Manzana a granel",24512,"2019-08-20",803,2.99
"Manzana a granel",14526,"2020-09-05",606,2.99
"Manzana a granel",14526,"2020-06-11",493,2.99
"Manzana a granel",14526,"2019-09-20",796,2.99
"Manzana a granel",14526,"2020-01-31",684,2.99
"Manzana a granel",14526,"2019-12-02",687,2.99
"Manzana a granel",24512,"2019-07-08",577,2.99
"Manzana a granel",24512,"2019-09-24",758,2.99
"Manzana a granel",24512,"2018-10-27",852,2.99
"Manzana a granel",14526,"2020-02-25",664,2.99
"Manzana a granel",14526,"2018-04-18",738,2.99
"Manzana a granel",24512,"2020-07-28",337,2.99
"Manzana a granel",24512,"2018-11-06",685,2.99
"Manzana a granel",14526,"2020-07-15",555,2.99
"Manzana a granel",24512,"2020-03-03",777.38,2.99
"Manzana a granel",24512,"2018-12-20",557,2.99
"Manzana a granel",24512,"2020-06-02",484,2.99
"Manzana a granel",24512,"2019-03-29",524,2.99
"Manzana a granel",24512,"2019-04-17",955,2.99
"Manzana a granel",14526,"2017-09-02",823.029,2.99
"Manzana a granel",24512,"2017-11-01",264,2.99
"Manzana a granel",14526,"2018-11-03",644,2.99
"Manzana a granel",24512,"2018-01-09",730,2.99
"Manzana a granel",24512,"2020-06-06",513,2.99
"Manzana a granel",14526,"2019-08-20",605,2.99
"Manzana a granel",24512,"2020-03-05",804,2.99
"Manzana a granel",24512,"2019-02-13",577,2.99
"Manzana a granel",24512,"2018-04-09",706,2.99
"Manzana a granel",14526,"2020-03-26",671,2.99
"Manzana a granel",14526,"2019-09-23",734,2.99
"Manzana a granel",14526,"2020-05-18",518,2.99
"Manzana a granel",14526,"2017-12-28",592,2.99
"Manzana a granel",24512,"2018-11-28",723,2.99
"Manzana a granel",24512,"2018-09-06",727,2.99
"Manzana a granel",24512,"2019-04-16",505,2.99
"Manzana a granel",14526,"2019-07-02",676,2.99
"Manzana a granel",14526,"2019-07-20",597,2.99
"Manzana a granel",24512,"2017-12-29",680,2.99
"Manzana a granel",14526,"2019-05-24",747,2.99
"Manzana a granel",14526,"2020-02-17",758,2.99
"Manzana a granel",14526,"2017-08-04",785,2.99
"Manzana a granel",24512,"2020-08-11",372,2.99
"Manzana a granel",14526,"2019-01-22",777,2.99
"Manzana a granel",14526,"2018-10-04",712,2.99
"Manzana a granel",14526,"2020-02-29",635,2.99
"Manzana a granel",14526,"2018-12-23",243,2.99
"Manzana a granel",24512,"2020-01-27",929,2.99
"Manzana a granel",24512,"2019-11-18",930,2.99
"Manzana a granel",14526,"2018-03-28",754.961,2.99
"Manzana a granel",14526,"2020-05-15",531,2.99
"Manzana a granel",24512,"2019-04-03",586,2.99
"Manzana a granel",14526,"2018-05-09",756,2.99
"Manzana a granel",14526,"2019-11-06",718,2.99
"Manzana a granel",14526,"2020-06-30",546,2.99
"Manzana a granel",24512,"2018-10-09",673,2.99
"Manzana a granel",14526,"2018-03-29",419,2.99
"Manzana a granel",24512,"2019-01-03",538,2.99
"Manzana a granel",14526,"2017-11-02",919.863,2.99
"Manzana a granel",14526,"2019-04-17",741,2.99
"Manzana a granel",24512,"2019-02-09",625,2.99
"Manzana a granel",24512,"2019-04-25",490,2.99
"Manzana a granel",14526,"2019-10-02",724,2.99
"Manzana a granel",14526,"2019-03-05",695,2.99
"Manzana a granel",14526,"2019-05-02",804.848,2.99
"Manzana a granel",24512,"2018-05-30",654,2.99
"Manzana a granel",24512,"2017-08-09",671,2.99
"Manzana a granel",14526,"2019-01-04",666,2.99
"Manzana a granel",24512,"2019-12-03",783,2.99
"Manzana a granel",14526,"2019-02-19",696,2.99
"Manzana a granel",14526,"2019-11-02",676,2.99
"Manzana a granel",14526,"2018-05-11",782,2.99
"Manzana a granel",24512,"2020-05-29",393,2.99
"Manzana a granel",24512,"2018-02-26",866,2.99
"Manzana a granel",14526,"2019-08-12",687,2.99
"Manzana a granel",24512,"2018-12-19",615,2.99
"Manzana a granel",24512,"2020-07-18",452,2.99
"Manzana a granel",14526,"2017-09-27",869,2.99
"Manzana a granel",14526,"2018-07-25",647.58,2.99
"Manzana a granel",14526,"2020-03-24",637,2.99
"Manzana a granel",24512,"2019-05-28",473,2.99
"Manzana a granel",14526,"2017-11-07",715,2.99
"Manzana a granel",14526,"2020-08-18",508.894,2.99
"Manzana a granel",14526,"2018-06-06",739,2.99
"Manzana a granel",14526,"2019-08-31",733.818,2.99
"Manzana a granel",14526,"2018-01-18",682.456,2.99
"Manzana a granel",14526,"2017-08-10",692.622,2.99
"Manzana a granel",14526,"2019-05-17",664,2.99
"Manzana a granel",24512,"2018-01-27",793,2.99
"Manzana a granel",24512,"2018-01-13",890,2.99
"Manzana a granel",14526,"2018-05-25",710,2.99
"Manzana a granel",24512,"2019-07-12",466,2.99
"Manzana a granel",14526,"2020-09-15",583,2.99
"Manzana a granel",24512,"2018-06-26",674.327,2.99
"Manzana a granel",24512,"2020-02-08",960,2.99
"Manzana a granel",14526,"2018-09-25",740,2.99
"Manzana a granel",24512,"2018-10-17",702,2.99
"Manzana a granel",14526,"2019-06-25",708,2.99
"Manzana a granel",14526,"2020-03-23",803,2.99
"Manzana a granel",24512,"2020-03-31",642,2.99
"Manzana a granel",24512,"2020-07-16",318,2.99
"Manzana a granel",14526,"2019-08-06",700,2.99
"Manzana a granel",14526,"2019-02-14",735,2.99
"Manzana a granel",14526,"2019-03-29",869,2.99
"Manzana a granel",14526,"2020-05-14",471,2.99
"Manzana a granel",24512,"2018-09-18",645.592,2.99
"Manzana a granel",24512,"2018-05-28",719,2.99
"Manzana a granel",24512,"2018-11-29",659,2.99
"Manzana a granel",14526,"2020-09-14",676.879,2.99
"Manzana a granel",14526,"2020-01-25",672,2.99
"Manzana a granel",14526,"2018-09-20",735.38,2.99
"Manzana a granel",24512,"2017-08-24",669,2.99
"Manzana a granel",14526,"2020-06-25",509,2.99
"Manzana a granel",14526,"2019-01-14",877,2.99
"Manzana a granel",24512,"2019-10-11",1263,2.99
"Manzana a granel",24512,"2019-10-07",830,2.99
"Manzana a granel",14526,"2017-09-18",994,2.99
"Manzana a granel",14526,"2019-07-08",653,2.99
"Manzana a granel",14526,"2017-11-20",797,2.99
"Manzana a granel",14526,"2020-02-06",655,2.99
"Manzana a granel",24512,"2019-06-29",522,2.99
"Manzana a granel",24512,"2020-03-16",971,2.99
"Manzana a granel",14526,"2019-04-25",666,2.99
"Manzana a granel",24512,"2017-11-06",789,2.99
"Manzana a granel",24512,"2018-05-07",807.899,2.99
"Manzana a granel",14526,"2018-04-21",714,2.99
"Manzana a granel",24512,"2020-09-10",376.894,2.99
"Manzana a granel",14526,"2018-06-25",739.654,2.99
"Manzana a granel",24512,"2017-12-23",882,2.99
"Manzana a granel",14526,"2020-07-28",517,2.99
"Manzana a granel",14526,"2017-11-29",768,2.99
"Manzana a granel",24512,"2020-07-09",334,2.99
"Manzana a granel",24512,"2018-10-25",707,2.99
"Manzana a granel",24512,"2018-05-15",752.817,2.99
"Manzana a granel",14526,"2019-01-02",712,2.99
"Manzana a granel",14526,"2018-09-07",727.18,2.99
"Manzana a granel",24512,"2018-03-08",626,2.99
"Manzana a granel",14526,"2019-08-22",655,2.99
"Manzana a granel",14526,"2018-06-16",653,2.99
"Manzana a granel",24512,"2019-11-14",783,2.99
"Manzana a granel",14526,"2018-04-26",706.402,2.99
"Manzana a granel",24512,"2019-04-27",669,2.99
"Manzana a granel",14526,"2019-03-12",757,2.99
"Manzana a granel",24512,"2018-07-13",563,2.99
"Manzana a granel",24512,"2018-04-04",711,2.99
"Manzana a granel",24512,"2018-12-05",915,2.99
"Manzana a granel",24512,"2020-08-10",408,2.99
"Manzana a granel",24512,"2017-09-08",682,2.99
"Manzana a granel",24512,"2019-04-15",604,2.99
"Manzana a granel",24512,"2020-02-26",840,2.99
"Manzana a granel",24512,"2018-05-26",763.069,2.99
"Manzana a granel",14526,"2020-01-18",710,2.99
"Manzana a granel",14526,"2020-02-11",686,2.99
"Manzana a granel",24512,"2018-05-09",765,2.99
"Manzana a granel",14526,"2018-01-29",867,2.99
"Manzana a granel",24512,"2019-02-27",664,2.99
"Manzana a granel",24512,"2020-05-06",612,2.99
"Manzana a granel",24512,"2018-06-20",1139,2.99
"Manzana a granel",24512,"2018-01-30",656,2.99
"Manzana a granel",14526,"2018-04-20",713,2.99
"Manzana a granel",24512,"2019-01-11",549,2.99
"Manzana a granel",14526,"2018-11-06",734,2.99
"Manzana a granel",24512,"2017-10-27",707,2.99
"Manzana a granel",24512,"2018-03-03",900,2.99
"Manzana a granel",24512,"2020-08-12",342,2.99
"Manzana a granel",24512,"2018-12-18",643,2.99
"Manzana a granel",24512,"2019-03-05",538,2.99
"Manzana a granel",24512,"2017-09-26",727,2.99
"Manzana a granel",24512,"2020-02-11",682,2.99
"Manzana a granel",24512,"2020-09-12",482.879,2.99
"Manzana a granel",14526,"2019-01-29",792,2.99
"Manzana a granel",14526,"2018-04-07",720.224,2.99
"Manzana a granel",14526,"2019-08-16",782.818,2.99
"Manzana a granel",14526,"2020-02-15",620,2.99
"Manzana a granel",24512,"2019-04-08",579,2.99
"Manzana a granel",24512,"2018-01-29",787,2.99
"Manzana a granel",14526,"2019-10-05",677,2.99
"Manzana a granel",24512,"2017-11-13",773,2.99
"Manzana a granel",24512,"2019-01-02",587,2.99
"Manzana a granel",14526,"2018-08-16",624,2.99
"Manzana a granel",14526,"2019-05-21",711,2.99
"Manzana a granel",24512,"2019-03-08",468,2.99
"Manzana a granel",24512,"2020-07-13",429,2.99
"Manzana a granel",14526,"2019-05-04",675,2.99
"Manzana a granel",14526,"2019-11-11",733,2.99
"Manzana a granel",14526,"2019-09-16",807,2.99
"Manzana a granel",14526,"2018-02-13",710,2.99
"Manzana a granel",24512,"2019-03-23",734,2.99
"Manzana a granel",14526,"2017-08-16",782.54,2.99
"Manzana a granel",14526,"2020-03-04",706,2.99
"Manzana a granel",24512,"2018-02-22",666,2.99
"Manzana a granel",24512,"2018-07-19",617.087,2.99
"Manzana a granel",14526,"2019-11-20",727.972,2.99
"Manzana a granel",14526,"2020-05-27",494,2.99
"Manzana a granel",24512,"2019-12-04",839,2.99
"Manzana a granel",24512,"2018-07-14",708,2.99
"Manzana a granel",24512,"2020-08-13",378,2.99
"Manzana a granel",14526,"2020-09-17",403,2.99
"Manzana a granel",14526,"2019-06-18",726,2.99
"Manzana a granel",24512,"2020-01-20",893,2.99
"Manzana a granel",14526,"2019-09-05",679.525,2.99
"Manzana a granel",14526,"2019-10-24",663,2.99
"Manzana a granel",24512,"2020-08-01",403,2.99
"Manzana a granel",14526,"2020-05-06",495,2.99
"Manzana a granel",14526,"2019-01-12",780,2.99
"Manzana a granel",14526,"2019-05-31",695,2.99
"Manzana a granel",24512,"2017-12-22",739,2.99
"Manzana a granel",24512,"2017-11-16",738,2.99
"Manzana a granel",24512,"2020-01-03",792,2.99
"Manzana a granel",24512,"2017-08-23",662,2.99
"Manzana a granel",14526,"2018-06-08",657,2.99
"Manzana a granel",14526,"2018-01-26",708,2.99
"Manzana a granel",24512,"2018-09-22",716,2.99
"Manzana a granel",24512,"2019-06-13",600,2.99
"Manzana a granel",24512,"2020-02-10",829,2.99
"Manzana a granel",14526,"2019-10-04",705,2.99
"Manzana a granel",14526,"2018-09-14",727.18,2.99
"Manzana a granel",24512,"2019-07-04",513.5,2.99
"Manzana a granel",24512,"2017-11-27",834,2.99
"Manzana a granel",14526,"2020-07-09",492,2.99
"Manzana a granel",14526,"2019-04-30",766,2.99
"Manzana a granel",24512,"2020-02-29",995,2.99
"Manzana a granel",14526,"2018-10-10",739,2.99
"Manzana a granel",24512,"2019-03-20",587.981,2.99
"Manzana a granel",24512,"2017-10-28",987,2.99
"Manzana a granel",24512,"2017-12-04",775,2.99
"Manzana a granel",14526,"2018-10-03",773,2.99
"Manzana a granel",14526,"2018-05-28",797,2.99
"Manzana a granel",14526,"2020-07-17",546,2.99
"Manzana a granel",24512,"2019-10-15",823,2.99
"Manzana a granel",14526,"2019-12-27",648,2.99
"Manzana a granel",14526,"2019-11-13",737,2.99
"Manzana a granel",24512,"2019-03-27",555,2.99
"Manzana a granel",24512,"2019-05-08",492,2.99
"Manzana a granel",24512,"2019-02-11",605,2.99
"Manzana a granel",24512,"2020-05-28",413,2.99
"Manzana a granel",24512,"2019-12-11",813,2.99
"Manzana a granel",14526,"2020-04-15",566,2.99
"Manzana a granel",14526,"2019-10-11",777,2.99
"Manzana a granel",14526,"2018-01-12",768,2.99
"Manzana a granel",14526,"2017-12-27",635,2.99
"Manzana a granel",24512,"2017-09-11",781,2.99
"Manzana a granel",14526,"2019-10-22",688,2.99
"Manzana a granel",24512,"2020-04-21",643,2.99
"Manzana a granel",24512,"2020-02-07",696,2.99
"Manzana a granel",24512,"2018-04-05",690,2.99
"Manzana a granel",14526,"2019-01-15",735,2.99
"Manzana a granel",14526,"2018-07-27",743.18,2.99
"Manzana a granel",14526,"2019-07-23",669,2.99
"Manzana a granel",24512,"2020-03-20",814,2.99
"Manzana a granel",14526,"2017-09-30",822.917,2.99
"Manzana a granel",14526,"2020-03-16",914,2.99
"Manzana a granel",14526,"2018-03-10",669,2.99
"Manzana a granel",24512,"2018-05-25",652,2.99
"Manzana a granel",14526,"2020-06-19",669,2.99
"Manzana a granel",24512,"2017-11-29",775,2.99
"Manzana a granel",14526,"2019-06-17",739,2.99
"Manzana a granel",24512,"2019-11-27",815,2.99
"Manzana a granel",14526,"2018-09-24",717.884,2.99
"Manzana a granel",24512,"2019-11-09",924,2.99
"Manzana a granel",24512,"2020-06-16",412,2.99
"Manzana a granel",24512,"2020-02-14",736,2.99
"Manzana a granel",24512,"2019-10-08",732,2.99
"Manzana a granel",24512,"2020-05-26",381,2.99
"Manzana a granel",24512,"2020-06-26",414,2.99
"Manzana a granel",14526,"2020-02-10",760,2.99
"Manzana a granel",24512,"2017-09-20",664,2.99
"Manzana a granel",24512,"2019-03-07",569,2.99
"Manzana a granel",24512,"2019-10-05",859,2.99
"Manzana a granel",24512,"2017-08-05",869,2.99
"Manzana a granel",24512,"2017-09-22",654,2.99
"Manzana a granel",24512,"2019-02-26",599,2.99
"Manzana a granel",14526,"2018-05-15",760,2.99
"Manzana a granel",24512,"2017-12-27",594,2.99
"Manzana a granel",24512,"2019-12-12",825,2.99
"Manzana a granel",14526,"2018-09-10",844.78,2.99
"Manzana a granel",14526,"2019-08-27",687,2.99
"Manzana a granel",24512,"2018-09-01",798,2.99
"Manzana a granel",24512,"2020-05-11",691,2.99
"Manzana a granel",24512,"2019-11-28",813,2.99
"Manzana a granel",14526,"2018-07-03",678,2.99
"Manzana a granel",24512,"2020-01-10",649,2.99
"Manzana a granel",14526,"2018-11-07",709,2.99
"Manzana a granel",24512,"2019-09-09",817,2.99
"Manzana a granel",24512,"2018-07-30",695,2.99
"Manzana a granel",14526,"2019-08-26",768,2.99
"Manzana a granel",24512,"2019-01-31",561,2.99
"Manzana a granel",14526,"2018-12-01",684,2.99
"Manzana a granel",14526,"2020-08-27",589.698,2.99
"Manzana a granel",24512,"2020-05-02",1044,2.99
"Manzana a granel",14526,"2019-09-07",672.909,2.99
"Manzana a granel",24512,"2017-08-22",556,2.99
"Manzana a granel",14526,"2017-12-21",680,2.99
"Manzana a granel",14526,"2018-01-24",758,2.99
"Manzana a granel",24512,"2019-05-21",508,2.99
"Manzana a granel",24512,"2020-06-15",460,2.99
"Manzana a granel",24512,"2019-12-27",752,2.99
"Manzana a granel",24512,"2019-08-03",461,2.99
"Manzana a granel",14526,"2019-10-21",808,2.99
"Manzana a granel",24512,"2017-10-06",673,2.99
"Manzana a granel",14526,"2020-08-28",617,2.99
"Manzana a granel",14526,"2017-10-10",865,2.99
"Manzana a granel",24512,"2020-02-04",789,2.99
"Manzana a granel",14526,"2019-08-29",662.818,2.99
"Manzana a granel",24512,"2019-05-22",493,2.99
"Manzana a granel",14526,"2018-05-07",807,2.99
"Manzana a granel",24512,"2020-07-31",395,2.99
"Manzana a granel",14526,"2019-03-27",767,2.99
"Manzana a granel",14526,"2017-10-05",781,2.99
"Manzana a granel",24512,"2020-05-30",570,2.99
"Manzana a granel",14526,"2018-09-19",763.29,2.99
"Manzana a granel",14526,"2020-07-21",555,2.99
"Manzana a granel",14526,"2020-06-20",561,2.99
"Manzana a granel",24512,"2018-09-27",628,2.99
"Manzana a granel",14526,"2019-02-15",820,2.99
"Manzana a granel",14526,"2017-10-25",856,2.99
"Manzana a granel",14526,"2018-02-14",682,2.99
"Manzana a granel",24512,"2017-11-28",738,2.99
"Manzana a granel",24512,"2019-07-01",521,2.99
"Manzana a granel",14526,"2018-03-05",786,2.99
"Manzana a granel",14526,"2020-06-06",536,2.99
"Manzana a granel",14526,"2020-09-01",620,2.99
"Manzana a granel",14526,"2020-01-21",712,2.99
"Manzana a granel",24512,"2017-09-06",740,2.99
"Manzana a granel",14526,"2019-01-18",707,2.99
"Manzana a granel",14526,"2020-03-25",630,2.99
"Manzana a granel",14526,"2019-02-02",671,2.99
"Manzana a granel",14526,"2018-01-13",704,2.99
"Manzana a granel",24512,"2018-12-17",679,2.99
"Manzana a granel",14526,"2018-12-04",870,2.99
"Manzana a granel",24512,"2020-06-20",471,2.99
"Manzana a granel",14526,"2020-05-29",629,2.99
"Manzana a granel",24512,"2018-09-29",908,2.99
"Manzana a granel",14526,"2020-03-06",709,2.99
"Manzana a granel",24512,"2019-03-22",445,2.99
"Manzana a granel",24512,"2018-01-16",727,2.99
"Manzana a granel",14526,"2018-05-10",671,2.99
"Manzana a granel",14526,"2018-11-22",751,2.99
"Manzana a granel",24512,"2019-01-15",631,2.99
"Manzana a granel",24512,"2019-06-22",656,2.99
"Manzana a granel",14526,"2019-02-13",715,2.99
"Manzana a granel",14526,"2020-02-07",751,2.99
"Manzana a granel",24512,"2018-05-12",879,2.99
"Manzana a granel",14526,"2018-09-05",644.49,2.99
"Manzana a granel",14526,"2017-09-29",847.909,2.99
"Manzana a granel",24512,"2018-02-09",602,2.99
"Manzana a granel",14526,"2019-07-12",675,2.99
"Manzana a granel",14526,"2018-10-23",711,2.99
"Manzana a granel",14526,"2018-07-09",800.013,2.99
"Manzana a granel",24512,"2017-11-08",814,2.99
"Manzana a granel",24512,"2020-09-18",337,2.99
"Manzana a granel",24512,"2018-02-17",1003,2.99
"Manzana a granel",24512,"2018-04-02",738,2.99
"Manzana a granel",24512,"2020-05-05",608,2.99
"Manzana a granel",14526,"2019-12-23",739,2.99
"Manzana a granel",14526,"2019-11-05",732,2.99
"Manzana a granel",14526,"2019-04-03",920,2.99
"Manzana a granel",24512,"2017-09-04",708,2.99
"Manzana a granel",14526,"2019-07-04",632,2.99
"Manzana a granel",24512,"2018-08-22",617,2.99
"Manzana a granel",24512,"2017-08-01",696,2.99
"Manzana a granel",14526,"2020-07-02",472,2.99
"Manzana a granel",14526,"2017-10-09",919,2.99
"Manzana a granel",24512,"2018-06-28",639,2.99
"Manzana a granel",14526,"2018-01-19",768,2.99
"Manzana a granel",14526,"2019-04-23",817,2.99
"Manzana a granel",24512,"2019-08-27",1067,2.99
"Manzana a granel",24512,"2018-07-20",581,2.99
"Manzana a granel",24512,"2018-11-09",565,2.99
"Manzana a granel",24512,"2018-09-13",647,2.99
"Manzana a granel",14526,"2020-07-14",539,2.99
"Manzana a granel",14526,"2019-02-20",734.314,2.99
"Manzana a granel",24512,"2018-07-26",613,2.99
"Manzana a granel",24512,"2019-08-28",869,2.99
"Manzana a granel",24512,"2019-02-08",509,2.99
"Manzana a granel",24512,"2018-09-10",723,2.99
"Manzana a granel",14526,"2020-05-23",560,2.99
"Manzana a granel",14526,"2017-08-07",807.25,2.99
"Manzana a granel",24512,"2020-01-07",926,2.99
"Manzana a granel",24512,"2018-08-01",596,2.99
"Manzana a granel",24512,"2017-11-17",650,2.99
"Manzana a granel",24512,"2017-12-16",881,2.99
"Manzana a granel",24512,"2019-09-06",783,2.99
"Manzana a granel",14526,"2020-04-25",571,2.99
"Manzana a granel",24512,"2018-10-04",625,2.99
"Manzana a granel",24512,"2018-04-14",1038,2.99
"Manzana a granel",24512,"2017-12-01",746,2.99
"Manzana a granel",14526,"2019-10-19",559,2.99
"Manzana a granel",14526,"2018-10-13",754,2.99
"Manzana a granel",14526,"2017-12-01",714,2.99
"Manzana a granel",24512,"2020-01-22",814,2.99
"Manzana a granel",14526,"2017-09-12",874,2.99
"Manzana a granel",14526,"2019-04-20",629,2.99
"Manzana a granel",14526,"2019-10-09",748,2.99
"Manzana a granel",24512,"2018-06-21",627,2.99
"Manzana a granel",14526,"2018-09-22",682,2.99
"Manzana a granel",24512,"2020-03-11",954,2.99
"Manzana a granel",14526,"2018-02-06",729,2.99
"Manzana a granel",24512,"2018-07-28",816.92,2.99
"Manzana a granel",14526,"2019-04-13",681,2.99
"Manzana a granel",24512,"2020-04-13",893,2.99
"Manzana a granel",24512,"2020-03-17",913,2.99
"Manzana a granel",24512,"2019-10-17",781,2.99
"Manzana a granel",24512,"2020-08-22",445,2.99
"Manzana a granel",24512,"2019-05-03",NA,2.99
"Manzana a granel",14526,"2018-07-26",613.442,2.99
"Manzana a granel",14526,"2019-04-12",690,2.99
"Manzana a granel",24512,"2017-09-29",670,2.99
"Manzana a granel",14526,"2018-12-11",805,2.99
"Manzana a granel",14526,"2017-11-14",704,2.99
"Manzana a granel",14526,"2018-07-31",662.18,2.99
"Manzana a granel",14526,"2019-09-18",622,2.99
"Manzana a granel",14526,"2019-11-09",668,2.99
"Manzana a granel",14526,"2018-05-24",697,2.99
"Manzana a granel",24512,"2019-08-06",411,2.99
"Manzana a granel",14526,"2019-07-30",659,2.99
"Manzana a granel",24512,"2019-12-26",771,2.99
"Manzana a granel",24512,"2020-03-27",839,2.99
"Manzana a granel",14526,"2019-06-10",804,2.99
"Manzana a granel",14526,"2017-12-20",687,2.99
"Manzana a granel",24512,"2017-08-03",630,2.99
"Manzana a granel",24512,"2019-09-18",825,2.99
"Manzana a granel",24512,"2018-10-13",700,2.99
"Manzana a granel",14526,"2020-07-20",673,2.99
"Manzana a granel",24512,"2018-05-16",671,2.99
"Manzana a granel",24512,"2018-11-08",652,2.99
"Manzana a granel",24512,"2018-03-14",767,2.99
"Manzana a granel",14526,"2018-03-16",749,2.99
"Manzana a granel",14526,"2019-04-26",711,2.99
"Manzana a granel",14526,"2018-04-11",713,2.99
"Manzana a granel",24512,"2019-06-07",554,2.99
"Manzana a granel",24512,"2018-02-21",814,2.99
"Manzana a granel",24512,"2018-04-30",1080,2.99
"Manzana a granel",24512,"2017-10-20",762,2.99
"Manzana a granel",24512,"2019-05-25",603,2.99
"Manzana a granel",24512,"2018-12-29",642,2.99
"Manzana a granel",14526,"2018-06-26",684,2.99
"Manzana a granel",14526,"2019-09-26",635,2.99
"Manzana a granel",24512,"2018-04-28",999,2.99
"Manzana a granel",24512,"2017-08-04",558,2.99
"Manzana a granel",24512,"2020-02-24",915,2.99
"Manzana a granel",24512,"2019-08-19",503,2.99
"Manzana a granel",14526,"2019-12-28",637,2.99
"Manzana a granel",14526,"2018-07-23",709.38,2.99
"Manzana a granel",24512,"2018-12-11",622,2.99
"Manzana a granel",24512,"2020-09-09",427,2.99
"Manzana a granel",14526,"2020-05-09",546,2.99
"Manzana a granel",24512,"2018-12-30",169,2.99
"Manzana a granel",14526,"2018-05-22",749,2.99
"Manzana a granel",24512,"2018-03-13",717,2.99
"Manzana a granel",24512,"2020-06-23",376,2.99
"Manzana a granel",14526,"2019-03-23",788,2.99
"Manzana a granel",24512,"2018-11-05",689.2,2.99
"Manzana a granel",14526,"2020-04-28",530,2.99
"Manzana a granel",14526,"2019-12-26",596,2.99
"Manzana a granel",14526,"2019-06-29",547,2.99
"Manzana a granel",14526,"2017-10-07",755,2.99
"Manzana a granel",24512,"2019-01-24",577,2.99
"Manzana a granel",24512,"2019-03-01",609,2.99
"Manzana a granel",14526,"2018-11-29",773,2.99
"Manzana a granel",14526,"2019-08-14",709.909,2.99
"Manzana a granel",24512,"2018-04-03",711,2.99
"Manzana a granel",14526,"2019-07-11",655,2.99
"Manzana a granel",14526,"2017-09-23",760,2.99
"Manzana a granel",24512,"2019-07-09",445,2.99
"Manzana a granel",24512,"2018-03-10",867,2.99
"Manzana a granel",24512,"2020-05-04",783,2.99
"Manzana a granel",24512,"2018-07-16",700,2.99
"Manzana a granel",24512,"2018-12-21",585,2.99
"Manzana a granel",24512,"2018-07-03",621,2.99
"Manzana a granel",24512,"2019-10-26",1026,2.99
"Manzana a granel",14526,"2018-08-23",680,2.99
"Manzana a granel",14526,"2019-02-08",762,2.99
"Manzana a granel",24512,"2019-09-20",709,2.99
"Manzana a granel",24512,"2019-06-25",507,2.99
"Manzana a granel",24512,"2017-09-28",709.612,2.99
"Manzana a granel",14526,"2018-07-21",582,2.99
"Manzana a granel",14526,"2018-04-25",726,2.99
"Manzana a granel",24512,"2017-09-23",864,2.99
"Manzana a granel",14526,"2018-08-08",574.327,2.99
"Manzana a granel",24512,"2018-08-18",725,2.99
"Manzana a granel",24512,"2018-01-11",699,2.99
"Manzana a granel",14526,"2018-03-12",747,2.99
"Manzana a granel",14526,"2020-04-07",576,2.99
"Manzana a granel",14526,"2019-12-17",640.798,2.99
"Manzana a granel",14526,"2018-08-13",711,2.99
"Manzana a granel",24512,"2018-05-03",737,2.99
"Manzana a granel",14526,"2019-11-21",747.972,2.99
"Manzana a granel",24512,"2018-05-18",676,2.99
"Manzana a granel",14526,"2019-12-06",274,2.99
"Manzana a granel",24512,"2018-02-19",765,2.99
"Manzana a granel",14526,"2018-08-04",717.754,2.99
"Manzana a granel",14526,"2020-07-03",550,2.99
"Manzana a granel",24512,"2018-10-18",623,2.99
"Manzana a granel",14526,"2018-06-27",679,2.99
"Manzana a granel",14526,"2017-11-04",732,2.99
"Manzana a granel",24512,"2020-09-01",403,2.99
"Manzana a granel",24512,"2019-04-01",631,2.99
"Manzana a granel",24512,"2019-10-25",679,2.99
"Manzana a granel",14526,"2020-08-12",503,2.99
"Manzana a granel",14526,"2017-10-02",898,2.99
"Manzana a granel",14526,"2017-09-05",836,2.99
"Manzana a granel",24512,"2019-01-28",677,2.99
"Manzana a granel",24512,"2018-10-29",785,2.99
"Manzana a granel",14526,"2019-05-23",700,2.99
"Manzana a granel",14526,"2017-10-18",836,2.99
"Manzana a granel",14526,"2020-07-10",561,2.99
"Manzana a granel",24512,"2018-08-03",571,2.99
"Manzana a granel",24512,"2019-04-12",519,2.99
"Manzana a granel",14526,"2018-10-18",718.456,2.99
"Manzana a granel",14526,"2019-11-12",731,2.99
"Manzana a granel",14526,"2018-12-24",999.431,2.99
"Manzana a granel",24512,"2018-06-05",690,2.99
"Manzana a granel",14526,"2019-04-08",907,2.99
"Manzana a granel",14526,"2017-09-19",906,2.99
"Manzana a granel",14526,"2020-04-08",692,2.99
"Manzana a granel",14526,"2019-07-01",812,2.99
"Manzana a granel",24512,"2018-11-21",655,2.99
"Manzana a granel",14526,"2020-07-29",548,2.99
"Manzana a granel",24512,"2018-02-13",691.023,2.99
"Manzana a granel",14526,"2020-06-08",575,2.99
"Manzana a granel",24512,"2019-12-07",979,2.99
"Manzana a granel",14526,"2019-02-09",674,2.99
"Manzana a granel",14526,"2019-02-26",748,2.99
"Manzana a granel",24512,"2019-04-30",726,2.99
"Manzana a granel",24512,"2020-07-17",418,2.99
"Manzana a granel",24512,"2019-11-16",1038,2.99
"Manzana a granel",14526,"2019-11-16",699,2.99
"Manzana a granel",24512,"2019-10-22",761,2.99
"Manzana a granel",14526,"2018-09-01",614,2.99
"Manzana a granel",14526,"2019-08-28",603.818,2.99
"Manzana a granel",24512,"2019-02-22",607.946,2.99
"Manzana a granel",24512,"2019-08-13",467,2.99
"Manzana a granel",24512,"2018-08-25",965,2.99
"Manzana a granel",14526,"2020-02-13",687,2.99
"Manzana a granel",24512,"2020-09-08",421,2.99
"Manzana a granel",24512,"2018-02-05",752,2.99
"Manzana a granel",24512,"2018-02-20",743,2.99
"Manzana a granel",14526,"2019-10-07",784,2.99
"Manzana a granel",14526,"2018-02-01",697.101,2.99
"Manzana a granel",14526,"2020-01-04",672,2.99
"Manzana a granel",24512,"2017-09-18",792,2.99
"Manzana a granel",24512,"2018-06-25",640.334,2.99
"Manzana a granel",24512,"2020-03-25",766,2.99
"Manzana a granel",24512,"2019-10-04",756,2.99
"Manzana a granel",24512,"2020-02-25",911,2.99
"Manzana a granel",14526,"2018-12-17",774,2.99
"Manzana a granel",14526,"2018-11-19",775.731,2.99
"Manzana a granel",14526,"2020-07-23",487,2.99
"Manzana a granel",24512,"2018-07-06",565,2.99
"Manzana a granel",14526,"2018-03-07",763,2.99
"Manzana a granel",24512,"2020-05-09",852,2.99
"Manzana a granel",14526,"2019-05-18",706,2.99
"Manzana a granel",24512,"2017-09-12",785,2.99
"Manzana a granel",14526,"2018-07-14",648.09,2.99
"Manzana a granel",14526,"2017-10-27",856,2.99
"Manzana a granel",14526,"2018-07-10",665.54,2.99
"Manzana a granel",14526,"2018-03-19",869,2.99
"Manzana a granel",14526,"2020-03-12",766,2.99
"Manzana a granel",24512,"2018-11-03",805,2.99
"Manzana a granel",14526,"2019-11-08",681,2.99
"Manzana a granel",24512,"2018-12-26",540,2.99
"Manzana a granel",24512,"2017-08-29",671.786,2.99
"Manzana a granel",14526,"2020-08-03",571.606,2.99
"Manzana a granel",14526,"2020-09-10",562.667,2.99
"Manzana a granel",24512,"2019-03-25",677,2.99
"Manzana a granel",24512,"2020-09-05",484,2.99
"Manzana a granel",14526,"2020-03-13",991,2.99
"Manzana a granel",14526,"2020-08-14",586.638,2.99
"Manzana a granel",24512,"2019-07-27",613.684,2.99
"Manzana a granel",24512,"2019-11-11",893,2.99
"Manzana a granel",24512,"2020-03-06",699,2.99
"Manzana a granel",24512,"2017-12-02",979,2.99
"Manzana a granel",24512,"2019-05-18",591,2.99
"Manzana a granel",14526,"2017-10-28",850,2.99
"Manzana a granel",24512,"2019-04-29",538,2.99
"Manzana a granel",24512,"2018-04-10",623.112,2.99
"Manzana a granel",24512,"2017-12-24",691,2.99
"Manzana a granel",14526,"2018-08-06",755.327,2.99
"Manzana a granel",14526,"2020-03-30",682,2.99
"Manzana a granel",14526,"2019-05-20",815,2.99
"Manzana a granel",14526,"2017-11-09",659,2.99
"Manzana a granel",14526,"2017-10-30",905,2.99
"Manzana a granel",14526,"2020-09-08",566,2.99
"Manzana a granel",24512,"2019-05-09",526,2.99
"Manzana a granel",14526,"2017-12-23",817,2.99
"Manzana a granel",24512,"2019-05-15",580,2.99
"Manzana a granel",24512,"2017-11-11",769,2.99
"Manzana a granel",14526,"2019-03-14",738,2.99
"Manzana a granel",14526,"2020-07-30",523.413,2.99
"Manzana a granel",14526,"2018-07-05",744.596,2.99
"Manzana a granel",24512,"2020-02-19",798,2.99
"Manzana a granel",24512,"2019-12-02",763,2.99
"Manzana a granel",14526,"2020-03-09",775,2.99
"Manzana a granel",24512,"2020-07-07",358,2.99
"Manzana a granel",14526,"2018-10-06",680,2.99
"Manzana a granel",14526,"2019-06-15",671,2.99
"Manzana a granel",24512,"2018-01-23",847,2.99
"Manzana a granel",14526,"2019-10-10",758.421,2.99
"Manzana a granel",14526,"2019-01-03",653,2.99
"Manzana a granel",14526,"2018-05-05",685,2.99
"Manzana a granel",24512,"2020-02-28",768,2.99
"Manzana a granel",14526,"2019-10-18",724,2.99
"Manzana a granel",24512,"2019-03-16",671,2.99
"Manzana a granel",14526,"2017-09-28",775.608,2.99
"Manzana a granel",14526,"2020-09-03",505,2.99
"Manzana a granel",24512,"2018-10-19",628,2.99
"Manzana a granel",14526,"2018-09-03",745.756,2.99
"Manzana a granel",24512,"2019-03-21",572.981,2.99
"Manzana a granel",14526,"2020-03-20",770,2.99
"Manzana a granel",14526,"2019-02-27",741,2.99
"Manzana a granel",24512,"2019-08-05",540,2.99
"Manzana a granel",14526,"2020-04-17",505,2.99
"Manzana a granel",14526,"2018-12-21",697,2.99
"Manzana a granel",14526,"2018-08-27",742,2.99
"Manzana a granel",14526,"2020-05-16",594,2.99
"Manzana a granel",24512,"2020-07-24",417,2.99
"Manzana a granel",14526,"2018-08-30",660.186,2.99
"Manzana a granel",24512,"2018-09-15",841,2.99
"Manzana a granel",14526,"2019-02-05",733,2.99
"Manzana a granel",24512,"2020-08-08",468,2.99
"Manzana a granel",24512,"2018-05-23",614,2.99
"Manzana a granel",14526,"2018-10-25",673.141,2.99
"Manzana a granel",24512,"2019-03-06",551,2.99
"Manzana a granel",14526,"2019-11-27",731,2.99
"Manzana a granel",24512,"2018-07-23",701,2.99
"Manzana a granel",14526,"2017-08-18",732.452,2.99
"Manzana a granel",14526,"2019-10-17",668.746,2.99
"Manzana a granel",24512,"2018-02-12",797,2.99
"Manzana a granel",14526,"2018-02-16",756,2.99
"Manzana a granel",14526,"2018-11-28",746,2.99
"Manzana a granel",14526,"2020-09-07",670,2.99
"Manzana a granel",24512,"2020-09-15",371,2.99
"Manzana a granel",14526,"2018-03-21",759,2.99
"Manzana a granel",14526,"2017-12-04",567,2.99
"Manzana a granel",14526,"2018-06-20",732,2.99
"Manzana a granel",14526,"2017-11-23",702.111,2.99
"Manzana a granel",24512,"2020-04-20",642,2.99
"Manzana a granel",14526,"2018-12-08",378,2.99
"Manzana a granel",24512,"2020-07-14",353,2.99
"Manzana a granel",14526,"2017-12-16",677,2.99
"Manzana a granel",14526,"2020-01-16",677,2.99
"Manzana a granel",14526,"2017-12-07",761,2.99
"Manzana a granel",14526,"2018-06-23",754,2.99
"Manzana a granel",24512,"2019-09-11",855,2.99
"Manzana a granel",24512,"2020-07-08",339,2.99
"Manzana a granel",14526,"2017-09-04",876,2.99
"Manzana a granel",14526,"2020-01-10",723,2.99
"Manzana a granel",14526,"2017-12-26",712,2.99
"Manzana a granel",24512,"2019-09-07",1054,2.99
"Manzana a granel",24512,"2017-11-15",768,2.99
"Manzana a granel",24512,"2017-09-15",632,2.99
"Manzana a granel",14526,"2017-09-21",865,2.99
"Manzana a granel",24512,"2018-02-03",947,2.99
"Manzana a granel",14526,"2019-07-03",695,2.99
"Manzana a granel",24512,"2020-03-21",937,2.99
"Manzana a granel",24512,"2019-02-28",586,2.99
"Manzana a granel",24512,"2017-09-25",819,2.99
"Manzana a granel",14526,"2017-10-20",861,2.99
"Manzana a granel",14526,"2020-07-08",644,2.99
"Manzana a granel",24512,"2018-03-23",645,2.99
"Manzana a granel",14526,"2018-06-01",676,2.99
"Manzana a granel",24512,"2017-09-03",87,2.99
"Manzana a granel",24512,"2018-04-20",654.112,2.99
"Manzana a granel",24512,"2019-09-30",872,2.99
"Manzana a granel",14526,"2018-03-03",696,2.99
"Manzana a granel",14526,"2018-11-08",725.719,2.99
"Manzana a granel",14526,"2019-03-08",684,2.99
"Manzana a granel",24512,"2020-04-18",1003,2.99
"Manzana a granel",14526,"2020-05-02",563,2.99
"Manzana a granel",24512,"2018-09-03",742.99,2.99
"Manzana a granel",24512,"2018-01-05",1090.802,2.99
"Manzana a granel",24512,"2019-12-10",906,2.99
"Manzana a granel",14526,"2017-12-19",683,2.99
"Manzana a granel",14526,"2020-01-24",733,2.99
"Manzana a granel",24512,"2019-09-21",968,2.99
"Manzana a granel",14526,"2017-09-25",912,2.99
"Manzana a granel",24512,"2018-05-19",910,2.99
"Manzana a granel",24512,"2019-08-14",700,2.99
"Manzana a granel",24512,"2020-06-11",362,2.99
"Manzana a granel",14526,"2018-05-02",839,2.99
"Manzana a granel",14526,"2017-09-22",799,2.99
"Manzana a granel",24512,"2018-01-31",719,2.99
"Manzana a granel",24512,"2019-08-08",454,2.99
"Manzana a granel",14526,"2017-08-29",777,2.99
"Manzana a granel",24512,"2019-06-18",501,2.99
"Manzana a granel",14526,"2018-02-02",780.101,2.99
"Manzana a granel",24512,"2020-03-24",696,2.99
"Manzana a granel",24512,"2019-02-05",577,2.99
"Manzana a granel",24512,"2018-04-16",872.69,2.99
"Manzana a granel",14526,"2018-09-13",706.731,2.99
"Manzana a granel",14526,"2018-04-04",658,2.99
"Manzana a granel",24512,"2019-03-15",557,2.99
"Manzana a granel",24512,"2020-02-20",793,2.99
"Manzana a granel",24512,"2018-04-07",937.112,2.99
"Manzana a granel",24512,"2017-09-30",880,2.99
"Manzana a granel",24512,"2019-02-25",676,2.99
"Manzana a granel",24512,"2018-12-27",623,2.99
"Manzana a granel",14526,"2019-05-29",726,2.99
"Manzana a granel",14526,"2019-09-19",659,2.99
"Manzana a granel",14526,"2019-01-11",724,2.99
"Manzana a granel",14526,"2019-07-22",755,2.99
"Manzana a granel",14526,"2019-02-16",697,2.99
"Manzana a granel",14526,"2018-11-13",763,2.99
"Manzana a granel",14526,"2017-10-21",795,2.99
"Manzana a granel",24512,"2017-11-23",721,2.99
"Manzana a granel",24512,"2018-03-26",810,2.99
"Manzana a granel",14526,"2018-12-22",644,2.99
"Manzana a granel",24512,"2018-02-15",638,2.99
"Manzana a granel",24512,"2019-12-20",699,2.99
"Manzana a granel",14526,"2020-06-16",573,2.99
"Manzana a granel",14526,"2019-08-10",661,2.99
"Manzana a granel",14526,"2018-02-05",800.303,2.99
"Manzana a granel",14526,"2018-07-18",607.09,2.99
"Manzana a granel",14526,"2017-10-31",938,2.99
"Manzana a granel",24512,"2019-10-10",698,2.99
"Manzana a granel",24512,"2018-04-06",721,2.99
"Manzana a granel",24512,"2017-10-21",967,2.99
"Manzana a granel",24512,"2020-06-22",460,2.99
"Manzana a granel",24512,"2020-06-04",512,2.99
"Manzana a granel",14526,"2019-11-29",721,2.99
"Manzana a granel",24512,"2020-04-29",545,2.99
"Manzana a granel",24512,"2017-08-18",635,2.99
"Manzana a granel",24512,"2018-11-16",654,2.99
"Manzana a granel",24512,"2019-05-04",669,2.99
"Manzana a granel",24512,"2020-05-19",630,2.99
"Manzana a granel",24512,"2020-01-04",1141,2.99
"Manzana a granel",14526,"2017-12-18",715,2.99
"Manzana a granel",14526,"2017-10-16",1000,2.99
"Manzana a granel",24512,"2020-08-19",361,2.99
"Manzana a granel",24512,"2019-12-18",805,2.99
"Manzana a granel",24512,"2019-08-21",813,2.99
"Manzana a granel",24512,"2018-12-01",778,2.99
"Manzana a granel",14526,"2020-09-02",561,2.99
"Manzana a granel",14526,"2019-03-30",822,2.99
"Manzana a granel",14526,"2018-11-14",743.224,2.99
"Manzana a granel",24512,"2018-03-15",737,2.99
"Manzana a granel",24512,"2018-04-18",642,2.99
"Manzana a granel",24512,"2019-06-11",618,2.99
"Manzana a granel",14526,"2019-04-18",379,2.99
"Manzana a granel",14526,"2019-07-10",583,2.99
"Manzana a granel",24512,"2019-02-04",604,2.99
"Manzana a granel",24512,"2019-07-24",508,2.99
"Manzana a granel",24512,"2018-09-24",720.512,2.99
"Manzana a granel",14526,"2019-05-27",757,2.99
"Manzana a granel",24512,"2019-11-21",748,2.99
"Manzana a granel",14526,"2018-12-26",689.044,2.99
"Manzana a granel",24512,"2017-08-07",749,2.99
"Manzana a granel",14526,"2020-08-13",501.774,2.99
"Manzana a granel",14526,"2020-04-21",496,2.99
"Manzana a granel",24512,"2019-07-30",506,2.99
"Manzana a granel",14526,"2018-03-31",702,2.99
"Manzana a granel",14526,"2018-11-10",722.817,2.99
"Manzana a granel",14526,"2019-12-24",928,2.99
"Manzana a granel",14526,"2020-03-11",816,2.99
"Manzana a granel",14526,"2020-08-29",596,2.99
"Manzana a granel",14526,"2018-03-02",769,2.99
"Manzana a granel",24512,"2019-12-05",870,2.99
"Manzana a granel",14526,"2019-12-13",664,2.99
"Manzana a granel",14526,"2019-01-23",788,2.99
"Manzana a granel",24512,"2019-09-25",867,2.99
"Manzana a granel",24512,"2019-05-16",484,2.99
"Manzana a granel",24512,"2020-01-08",822,2.99
"Manzana a granel",14526,"2019-02-28",767,2.99
"Manzana a granel",14526,"2018-11-05",810,2.99
"Manzana a granel",14526,"2020-05-04",509,2.99
"Manzana a granel",14526,"2017-11-21",698,2.99
"Manzana a granel",14526,"2019-01-21",879,2.99
"Manzana a granel",14526,"2020-04-24",489,2.99
"Manzana a granel",24512,"2019-07-25",447,2.99
"Manzana a granel",14526,"2018-01-30",756,2.99
"Manzana a granel",14526,"2020-07-31",554.492,2.99
"Manzana a granel",14526,"2018-01-02",711,2.99
"Manzana a granel",14526,"2017-10-11",924.274,2.99
"Manzana a granel",24512,"2018-10-26",611,2.99
"Manzana a granel",24512,"2020-02-05",812,2.99
"Manzana a granel",14526,"2017-12-05",813,2.99
"Manzana a granel",24512,"2019-10-01",785,2.99
"Manzana a granel",14526,"2018-07-16",722.49,2.99
"Manzana a granel",14526,"2019-04-09",824,2.99
"Manzana a granel",24512,"2018-10-03",683,2.99
"Manzana a granel",14526,"2018-09-15",857.18,2.99
"Manzana a granel",14526,"2020-08-01",549.138,2.99
"Manzana a granel",24512,"2019-06-01",688,2.99
"Manzana a granel",14526,"2018-06-28",641.331,2.99
"Manzana a granel",14526,"2020-07-11",498,2.99
"Manzana a granel",24512,"2019-02-07",586,2.99
"Manzana a granel",14526,"2019-07-15",768,2.99
"Manzana a granel",14526,"2019-07-27",609.122,2.99
"Manzana a granel",14526,"2018-09-11",699.883,2.99
"Manzana a granel",24512,"2018-03-17",816,2.99
"Manzana a granel",14526,"2019-01-05",663,2.99
"Manzana a granel",14526,"2019-10-01",711.7,2.99
"Manzana a granel",14526,"2020-05-11",550,2.99
"Manzana a granel",24512,"2018-05-14",712,2.99
"Manzana a granel",24512,"2019-08-23",753,2.99
"Manzana a granel",14526,"2018-05-29",697,2.99
"Manzana a granel",14526,"2019-11-26",708,2.99
"Manzana a granel",24512,"2017-09-27",747,2.99
"Manzana a granel",14526,"2019-12-09",828,2.99
"Manzana a granel",24512,"2018-05-05",990,2.99
"Manzana a granel",24512,"2019-08-24",1230,2.99
"Manzana a granel",24512,"2017-08-14",991,2.99
"Manzana a granel",24512,"2017-11-14",829,2.99
"Manzana a granel",24512,"2017-11-24",694,2.99
"Manzana a granel",24512,"2019-08-31",903,2.99
"Manzana a granel",24512,"2020-08-21",389,2.99
"Manzana a granel",14526,"2019-09-25",707,2.99
"Manzana a granel",24512,"2020-01-13",861,2.99
"Manzana a granel",14526,"2018-06-13",695,2.99
"Manzana a granel",14526,"2019-11-28",718,2.99
"Manzana a granel",14526,"2017-11-06",761,2.99
"Manzana a granel",24512,"2018-09-14",606,2.99
"Manzana a granel",24512,"2018-08-30",694,2.99
"Manzana a granel",24512,"2018-07-12",625,2.99
"Manzana a granel",14526,"2018-06-19",686,2.99
"Manzana a granel",24512,"2018-10-22",770,2.99
"Manzana a granel",24512,"2018-03-09",610,2.99
"Manzana a granel",24512,"2020-04-08",1156,2.99
"Manzana a granel",24512,"2017-08-02",678,2.99
"Manzana a granel",24512,"2019-05-06",568,2.99
"Manzana a granel",24512,"2020-03-26",706,2.99
"Manzana a granel",24512,"2019-04-06",666,2.99
"Manzana a granel",14526,"2020-01-08",693,2.99
"Manzana a granel",14526,"2018-01-23",727,2.99
"Manzana a granel",24512,"2017-10-17",737,2.99
"Manzana a granel",14526,"2019-06-24",758,2.99
"Manzana a granel",14526,"2019-11-04",783,2.99
"Manzana a granel",24512,"2017-08-19",1044,2.99
"Manzana a granel",24512,"2020-08-25",476,2.99
"Manzana a granel",14526,"2019-03-20",914.857,2.99
"Manzana a granel",24512,"2018-11-23",629,2.99
"Manzana a granel",24512,"2018-03-16",662,2.99
"Manzana a granel",24512,"2017-12-13",728.047,2.99
"Manzana a granel",24512,"2019-12-19",615,2.99
"Manzana a granel",24512,"2020-09-14",434,2.99
"Manzana a granel",14526,"2018-06-30",648,2.99
"Manzana a granel",24512,"2019-11-25",869,2.99
"Manzana a granel",14526,"2018-03-14",694,2.99
"Manzana a granel",24512,"2019-06-26",468,2.99
"Manzana a granel",24512,"2018-06-30",851,2.99
"Manzana a granel",14526,"2019-03-02",682,2.99
"Manzana a granel",14526,"2018-03-20",795,2.99
"Manzana a granel",14526,"2019-12-10",704,2.99
"Manzana a granel",24512,"2020-08-04",391,2.99
"Manzana a granel",14526,"2020-04-14",620,2.99
"Manzana a granel",24512,"2018-03-07",763,2.99
"Manzana a granel",14526,"2017-08-05",720,2.99
"Manzana a granel",14526,"2018-08-29",633.37,2.99
"Manzana a granel",24512,"2017-10-26",806.06,2.99
"Manzana a granel",14526,"2018-04-13",713,2.99
"Manzana a granel",14526,"2019-07-17",642,2.99
"Manzana a granel",24512,"2019-09-03",719,2.99
"Manzana a granel",24512,"2019-11-06",819,2.99
"Manzana a granel",24512,"2020-01-17",683,2.99
"Manzana a granel",14526,"2019-04-29",797,2.99
"Manzana a granel",24512,"2020-01-09",801,2.99
"Manzana a granel",24512,"2019-07-11",455.1,2.99
"Manzana a granel",14526,"2018-11-20",715,2.99
"Manzana a granel",14526,"2018-10-09",716,2.99
"Manzana a granel",14526,"2020-06-09",543,2.99
"Manzana a granel",14526,"2019-03-16",672,2.99
"Manzana a granel",24512,"2020-07-06",417,2.99
"Manzana a granel",24512,"2019-02-18",686,2.99
"Manzana a granel",14526,"2019-08-02",691.818,2.99
"Manzana a granel",24512,"2019-10-14",962,2.99
"Manzana a granel",24512,"2017-09-16",847,2.99
"Manzana a granel",24512,"2017-11-20",799,2.99
"Manzana a granel",24512,"2019-02-15",528,2.99
"Manzana a granel",24512,"2019-11-04",880,2.99
"Manzana a granel",24512,"2018-08-17",586.779,2.99
"Manzana a granel",14526,"2018-05-12",689,2.99
"Manzana a granel",24512,"2018-06-02",1016,2.99
"Manzana a granel",14526,"2017-08-22",726,2.99
"Manzana a granel",24512,"2019-04-22",741,2.99
"Manzana a granel",14526,"2018-01-10",707,2.99
"Manzana a granel",14526,"2018-10-16",821,2.99
"Manzana a granel",14526,"2019-01-30",767,2.99
"Manzana a granel",14526,"2020-06-22",639,2.99
"Manzana a granel",24512,"2019-02-02",706,2.99
"Manzana a granel",24512,"2018-06-01",606,2.99
"Manzana a granel",24512,"2018-04-17",708,2.99
"Manzana a granel",14526,"2019-10-12",440,2.99
"Manzana a granel",14526,"2018-01-08",823,2.99
"Manzana a granel",24512,"2019-03-14",576,2.99
"Manzana a granel",24512,"2020-04-14",756,2.99
"Manzana a granel",24512,"2019-01-16",582,2.99
"Manzana a granel",24512,"2020-06-30",354,2.99
"Manzana a granel",24512,"2018-06-23",1128,2.99
"Manzana a granel",24512,"2018-02-23",720,2.99
"Manzana a granel",14526,"2017-09-01",813,2.99
"Manzana a granel",24512,"2019-07-19",497,2.99
"Manzana a granel",24512,"2018-07-27",559,2.99
"Manzana a granel",24512,"2018-11-14",653,2.99
"Manzana a granel",24512,"2020-01-02",686,2.99
"Manzana a granel",14526,"2019-05-07",729,2.99
"Manzana a granel",24512,"2018-09-04",648,2.99
"Manzana a granel",14526,"2017-10-13",931,2.99
"Manzana a granel",14526,"2020-04-29",551,2.99
"Manzana a granel",14526,"2017-09-26",795,2.99
"Manzana a granel",24512,"2019-03-18",651,2.99
"Manzana a granel",24512,"2020-09-02",358,2.99
"Manzana a granel",14526,"2019-10-14",817,2.99
